The target system is: Generic -  - 
The host system is: Linux - 6.8.0-60-generic - x86_64
Compiling the C compiler identification source file "CMakeCCompilerId.c" succeeded.
Compiler: /home/sulicat/.espressif/tools/xtensa-esp-elf/esp-14.2.0_20241119/xtensa-esp-elf/bin/xtensa-esp32s3-elf-gcc 
Build flags: -mlongcalls;;-fno-builtin-memcpy;-fno-builtin-memset;-fno-builtin-bzero;-fno-builtin-stpcpy;-fno-builtin-strncpy
Id flags:  

The output was:
0


Compilation of the C compiler identification source "CMakeCCompilerId.c" produced "a.out"

The C compiler identification is GNU, found in "/home/sulicat/git/hardware/ReMapper/software/ESP32/ReMapper/build/CMakeFiles/3.22.1/CompilerIdC/a.out"

Compiling the CXX compiler identification source file "CMakeCXXCompilerId.cpp" succeeded.
Compiler: /home/sulicat/.espressif/tools/xtensa-esp-elf/esp-14.2.0_20241119/xtensa-esp-elf/bin/xtensa-esp32s3-elf-g++ 
Build flags: -mlongcalls;;-fno-builtin-memcpy;-fno-builtin-memset;-fno-builtin-bzero;-fno-builtin-stpcpy;-fno-builtin-strncpy
Id flags:  

The output was:
0


Compilation of the CXX compiler identification source "CMakeCXXCompilerId.cpp" produced "a.out"

The CXX compiler identification is GNU, found in "/home/sulicat/git/hardware/ReMapper/software/ESP32/ReMapper/build/CMakeFiles/3.22.1/CompilerIdCXX/a.out"

Checking whether the ASM compiler is GNU using "--version" matched "(GNU assembler)|(GCC)|(Free Software Foundation)":
xtensa-esp-elf-gcc (crosstool-NG esp-14.2.0_20241119) 14.2.0
Copyright (C) 2024 Free Software Foundation, Inc.
This is free software; see the source for copying conditions.  There is NO
warranty; not even for MERCHANTABILITY or FITNESS FOR A PARTICULAR PURPOSE.

Detecting C compiler ABI info compiled with the following output:
Change Dir: /home/sulicat/git/hardware/ReMapper/software/ESP32/ReMapper/build/CMakeFiles/CMakeTmp

Run Build Command(s):/usr/bin/ninja cmTC_fa0e5 && [1/2] Building C object CMakeFiles/cmTC_fa0e5.dir/CMakeCCompilerABI.c.obj
Using built-in specs.
COLLECT_GCC=/home/sulicat/.espressif/tools/xtensa-esp-elf/esp-14.2.0_20241119/xtensa-esp-elf/bin/xtensa-esp-elf-gcc
Target: xtensa-esp-elf
Configured with: /builds/idf/crosstool-NG/.build/xtensa-esp-elf/src/gcc/configure --build=x86_64-build_pc-linux-gnu --host=x86_64-build_pc-linux-gnu --target=xtensa-esp-elf --prefix=/builds/idf/crosstool-NG/builds/xtensa-esp-elf --exec_prefix=/builds/idf/crosstool-NG/builds/xtensa-esp-elf --with-local-prefix=/builds/idf/crosstool-NG/builds/xtensa-esp-elf/xtensa-esp-elf --with-sysroot=/builds/idf/crosstool-NG/builds/xtensa-esp-elf/xtensa-esp-elf --with-native-system-header-dir=/include --with-newlib --enable-threads=no --disable-shared --with-pkgversion='crosstool-NG esp-14.2.0_20241119' --disable-__cxa_atexit --enable-cxx-flags=-ffunction-sections --disable-libgomp --disable-libmudflap --disable-libmpx --disable-libssp --disable-libquadmath --disable-libquadmath-support --disable-libstdcxx-verbose --with-gmp=/builds/idf/crosstool-NG/.build/xtensa-esp-elf/buildtools --with-mpfr=/builds/idf/crosstool-NG/.build/xtensa-esp-elf/buildtools --with-mpc=/builds/idf/crosstool-NG/.build/xtensa-esp-elf/buildtools --with-isl=/builds/idf/crosstool-NG/.build/xtensa-esp-elf/buildtools --enable-lto --enable-target-optspace --without-long-double-128 --disable-nls --enable-multiarch --enable-languages=c,c++ --disable-libstdcxx-verbose --enable-threads=posix --enable-gcov-custom-rtio --enable-libstdcxx-time=yes
Thread model: posix
Supported LTO compression algorithms: zlib zstd
gcc version 14.2.0 (crosstool-NG esp-14.2.0_20241119) 
COLLECT_GCC_OPTIONS='-mdynconfig=xtensa_esp32s3.so' '-mlongcalls' '-fno-builtin-memcpy' '-fno-builtin-memset' '-fno-builtin-bzero' '-fno-builtin-stpcpy' '-fno-builtin-strncpy' '-v' '-o' 'CMakeFiles/cmTC_fa0e5.dir/CMakeCCompilerABI.c.obj' '-c' '-dumpdir' 'CMakeFiles/cmTC_fa0e5.dir/'
 /home/sulicat/.espressif/tools/xtensa-esp-elf/esp-14.2.0_20241119/xtensa-esp-elf/bin/../libexec/gcc/xtensa-esp-elf/14.2.0/cc1 -quiet -v -imultilib esp32s3 -iprefix /home/sulicat/.espressif/tools/xtensa-esp-elf/esp-14.2.0_20241119/xtensa-esp-elf/bin/../lib/gcc/xtensa-esp-elf/14.2.0/ -isysroot /home/sulicat/.espressif/tools/xtensa-esp-elf/esp-14.2.0_20241119/xtensa-esp-elf/bin/../xtensa-esp-elf /usr/share/cmake-3.22/Modules/CMakeCCompilerABI.c -quiet -dumpdir CMakeFiles/cmTC_fa0e5.dir/ -dumpbase CMakeCCompilerABI.c.c -dumpbase-ext .c -mdynconfig=xtensa_esp32s3.so -mlongcalls -version -fno-builtin-memcpy -fno-builtin-memset -fno-builtin-bzero -fno-builtin-stpcpy -fno-builtin-strncpy -o /tmp/ccCMaAmE.s
GNU C17 (crosstool-NG esp-14.2.0_20241119) version 14.2.0 (xtensa-esp-elf)
	compiled by GNU C version 4.9.2, GMP version 6.2.1, MPFR version 4.2.1, MPC version 1.2.1, isl version isl-0.26-GMP

GGC heuristics: --param ggc-min-expand=100 --param ggc-min-heapsize=131072
ignoring duplicate directory "/home/sulicat/.espressif/tools/xtensa-esp-elf/esp-14.2.0_20241119/xtensa-esp-elf/bin/../lib/gcc/../../lib/gcc/xtensa-esp-elf/14.2.0/include"
ignoring nonexistent directory "/home/sulicat/.espressif/tools/xtensa-esp-elf/esp-14.2.0_20241119/xtensa-esp-elf/bin/../xtensa-esp-elf/builds/idf/crosstool-NG/builds/xtensa-esp-elf/xtensa-esp-elf/include"
ignoring duplicate directory "/home/sulicat/.espressif/tools/xtensa-esp-elf/esp-14.2.0_20241119/xtensa-esp-elf/bin/../lib/gcc/../../lib/gcc/xtensa-esp-elf/14.2.0/include-fixed"
ignoring duplicate directory "/home/sulicat/.espressif/tools/xtensa-esp-elf/esp-14.2.0_20241119/xtensa-esp-elf/bin/../lib/gcc/../../lib/gcc/xtensa-esp-elf/14.2.0/../../../../xtensa-esp-elf/include"
ignoring duplicate directory "/home/sulicat/.espressif/tools/xtensa-esp-elf/esp-14.2.0_20241119/xtensa-esp-elf/bin/../xtensa-esp-elf/include"
#include "..." search starts here:
#include <...> search starts here:
 /home/sulicat/.espressif/tools/xtensa-esp-elf/esp-14.2.0_20241119/xtensa-esp-elf/bin/../lib/gcc/xtensa-esp-elf/14.2.0/include
 /home/sulicat/.espressif/tools/xtensa-esp-elf/esp-14.2.0_20241119/xtensa-esp-elf/bin/../lib/gcc/xtensa-esp-elf/14.2.0/include-fixed
 /home/sulicat/.espressif/tools/xtensa-esp-elf/esp-14.2.0_20241119/xtensa-esp-elf/bin/../lib/gcc/xtensa-esp-elf/14.2.0/../../../../xtensa-esp-elf/include
End of search list.
Compiler executable checksum: 81174f71db4416537376b4420f5c69fd
COLLECT_GCC_OPTIONS='-mdynconfig=xtensa_esp32s3.so' '-mlongcalls' '-fno-builtin-memcpy' '-fno-builtin-memset' '-fno-builtin-bzero' '-fno-builtin-stpcpy' '-fno-builtin-strncpy' '-v' '-o' 'CMakeFiles/cmTC_fa0e5.dir/CMakeCCompilerABI.c.obj' '-c' '-dumpdir' 'CMakeFiles/cmTC_fa0e5.dir/'
 /home/sulicat/.espressif/tools/xtensa-esp-elf/esp-14.2.0_20241119/xtensa-esp-elf/bin/../lib/gcc/xtensa-esp-elf/14.2.0/../../../../xtensa-esp-elf/bin/as --traditional-format --longcalls --dynconfig=xtensa_esp32s3.so -o CMakeFiles/cmTC_fa0e5.dir/CMakeCCompilerABI.c.obj /tmp/ccCMaAmE.s
COMPILER_PATH=/home/sulicat/.espressif/tools/xtensa-esp-elf/esp-14.2.0_20241119/xtensa-esp-elf/bin/../libexec/gcc/xtensa-esp-elf/14.2.0/:/home/sulicat/.espressif/tools/xtensa-esp-elf/esp-14.2.0_20241119/xtensa-esp-elf/bin/../libexec/gcc/:/home/sulicat/.espressif/tools/xtensa-esp-elf/esp-14.2.0_20241119/xtensa-esp-elf/bin/../lib/gcc/xtensa-esp-elf/14.2.0/../../../../xtensa-esp-elf/bin/
LIBRARY_PATH=/home/sulicat/.espressif/tools/xtensa-esp-elf/esp-14.2.0_20241119/xtensa-esp-elf/bin/../lib/gcc/xtensa-esp-elf/14.2.0/esp32s3/:/home/sulicat/.espressif/tools/xtensa-esp-elf/esp-14.2.0_20241119/xtensa-esp-elf/bin/../lib/gcc/xtensa-esp-elf/14.2.0/../../../../xtensa-esp-elf/lib/esp32s3/:/home/sulicat/.espressif/tools/xtensa-esp-elf/esp-14.2.0_20241119/xtensa-esp-elf/bin/../xtensa-esp-elf/lib/esp32s3/:/home/sulicat/.espressif/tools/xtensa-esp-elf/esp-14.2.0_20241119/xtensa-esp-elf/bin/../lib/gcc/xtensa-esp-elf/14.2.0/:/home/sulicat/.espressif/tools/xtensa-esp-elf/esp-14.2.0_20241119/xtensa-esp-elf/bin/../lib/gcc/:/home/sulicat/.espressif/tools/xtensa-esp-elf/esp-14.2.0_20241119/xtensa-esp-elf/bin/../lib/gcc/xtensa-esp-elf/14.2.0/../../../../xtensa-esp-elf/lib/:/home/sulicat/.espressif/tools/xtensa-esp-elf/esp-14.2.0_20241119/xtensa-esp-elf/bin/../xtensa-esp-elf/lib/:/home/sulicat/.espressif/tools/xtensa-esp-elf/esp-14.2.0_20241119/xtensa-esp-elf/bin/../xtensa-esp-elf/usr/lib/
COLLECT_GCC_OPTIONS='-mdynconfig=xtensa_esp32s3.so' '-mlongcalls' '-fno-builtin-memcpy' '-fno-builtin-memset' '-fno-builtin-bzero' '-fno-builtin-stpcpy' '-fno-builtin-strncpy' '-v' '-o' 'CMakeFiles/cmTC_fa0e5.dir/CMakeCCompilerABI.c.obj' '-c' '-dumpdir' 'CMakeFiles/cmTC_fa0e5.dir/CMakeCCompilerABI.c.'
[2/2] Linking C executable cmTC_fa0e5
Using built-in specs.
COLLECT_GCC=/home/sulicat/.espressif/tools/xtensa-esp-elf/esp-14.2.0_20241119/xtensa-esp-elf/bin/xtensa-esp-elf-gcc
COLLECT_LTO_WRAPPER=/home/sulicat/.espressif/tools/xtensa-esp-elf/esp-14.2.0_20241119/xtensa-esp-elf/bin/../libexec/gcc/xtensa-esp-elf/14.2.0/lto-wrapper
Target: xtensa-esp-elf
Configured with: /builds/idf/crosstool-NG/.build/xtensa-esp-elf/src/gcc/configure --build=x86_64-build_pc-linux-gnu --host=x86_64-build_pc-linux-gnu --target=xtensa-esp-elf --prefix=/builds/idf/crosstool-NG/builds/xtensa-esp-elf --exec_prefix=/builds/idf/crosstool-NG/builds/xtensa-esp-elf --with-local-prefix=/builds/idf/crosstool-NG/builds/xtensa-esp-elf/xtensa-esp-elf --with-sysroot=/builds/idf/crosstool-NG/builds/xtensa-esp-elf/xtensa-esp-elf --with-native-system-header-dir=/include --with-newlib --enable-threads=no --disable-shared --with-pkgversion='crosstool-NG esp-14.2.0_20241119' --disable-__cxa_atexit --enable-cxx-flags=-ffunction-sections --disable-libgomp --disable-libmudflap --disable-libmpx --disable-libssp --disable-libquadmath --disable-libquadmath-support --disable-libstdcxx-verbose --with-gmp=/builds/idf/crosstool-NG/.build/xtensa-esp-elf/buildtools --with-mpfr=/builds/idf/crosstool-NG/.build/xtensa-esp-elf/buildtools --with-mpc=/builds/idf/crosstool-NG/.build/xtensa-esp-elf/buildtools --with-isl=/builds/idf/crosstool-NG/.build/xtensa-esp-elf/buildtools --enable-lto --enable-target-optspace --without-long-double-128 --disable-nls --enable-multiarch --enable-languages=c,c++ --disable-libstdcxx-verbose --enable-threads=posix --enable-gcov-custom-rtio --enable-libstdcxx-time=yes
Thread model: posix
Supported LTO compression algorithms: zlib zstd
gcc version 14.2.0 (crosstool-NG esp-14.2.0_20241119) 
COMPILER_PATH=/home/sulicat/.espressif/tools/xtensa-esp-elf/esp-14.2.0_20241119/xtensa-esp-elf/bin/../libexec/gcc/xtensa-esp-elf/14.2.0/:/home/sulicat/.espressif/tools/xtensa-esp-elf/esp-14.2.0_20241119/xtensa-esp-elf/bin/../libexec/gcc/:/home/sulicat/.espressif/tools/xtensa-esp-elf/esp-14.2.0_20241119/xtensa-esp-elf/bin/../lib/gcc/xtensa-esp-elf/14.2.0/../../../../xtensa-esp-elf/bin/
LIBRARY_PATH=/home/sulicat/.espressif/tools/xtensa-esp-elf/esp-14.2.0_20241119/xtensa-esp-elf/bin/../lib/gcc/xtensa-esp-elf/14.2.0/esp32s3/:/home/sulicat/.espressif/tools/xtensa-esp-elf/esp-14.2.0_20241119/xtensa-esp-elf/bin/../lib/gcc/xtensa-esp-elf/14.2.0/../../../../xtensa-esp-elf/lib/esp32s3/:/home/sulicat/.espressif/tools/xtensa-esp-elf/esp-14.2.0_20241119/xtensa-esp-elf/bin/../xtensa-esp-elf/lib/esp32s3/:/home/sulicat/.espressif/tools/xtensa-esp-elf/esp-14.2.0_20241119/xtensa-esp-elf/bin/../lib/gcc/xtensa-esp-elf/14.2.0/:/home/sulicat/.espressif/tools/xtensa-esp-elf/esp-14.2.0_20241119/xtensa-esp-elf/bin/../lib/gcc/:/home/sulicat/.espressif/tools/xtensa-esp-elf/esp-14.2.0_20241119/xtensa-esp-elf/bin/../lib/gcc/xtensa-esp-elf/14.2.0/../../../../xtensa-esp-elf/lib/:/home/sulicat/.espressif/tools/xtensa-esp-elf/esp-14.2.0_20241119/xtensa-esp-elf/bin/../xtensa-esp-elf/lib/:/home/sulicat/.espressif/tools/xtensa-esp-elf/esp-14.2.0_20241119/xtensa-esp-elf/bin/../xtensa-esp-elf/usr/lib/
COLLECT_GCC_OPTIONS='-mdynconfig=xtensa_esp32s3.so' '-mlongcalls' '-fno-builtin-memcpy' '-fno-builtin-memset' '-fno-builtin-bzero' '-fno-builtin-stpcpy' '-fno-builtin-strncpy' '-nostartfiles' '-v' '-o' 'cmTC_fa0e5' '-dumpdir' 'cmTC_fa0e5.'
 /home/sulicat/.espressif/tools/xtensa-esp-elf/esp-14.2.0_20241119/xtensa-esp-elf/bin/../libexec/gcc/xtensa-esp-elf/14.2.0/collect2 -plugin /home/sulicat/.espressif/tools/xtensa-esp-elf/esp-14.2.0_20241119/xtensa-esp-elf/bin/../libexec/gcc/xtensa-esp-elf/14.2.0/liblto_plugin.so -plugin-opt=/home/sulicat/.espressif/tools/xtensa-esp-elf/esp-14.2.0_20241119/xtensa-esp-elf/bin/../libexec/gcc/xtensa-esp-elf/14.2.0/lto-wrapper -plugin-opt=-fresolution=/tmp/cc3NCgkF.res -plugin-opt=-pass-through=-lgcc -plugin-opt=-pass-through=-lc -plugin-opt=-pass-through=-lnosys -plugin-opt=-pass-through=-lc -plugin-opt=-pass-through=-lgcc --sysroot=/home/sulicat/.espressif/tools/xtensa-esp-elf/esp-14.2.0_20241119/xtensa-esp-elf/bin/../xtensa-esp-elf --dynconfig=xtensa_esp32s3.so -o cmTC_fa0e5 -L/home/sulicat/.espressif/tools/xtensa-esp-elf/esp-14.2.0_20241119/xtensa-esp-elf/bin/../lib/gcc/xtensa-esp-elf/14.2.0/esp32s3 -L/home/sulicat/.espressif/tools/xtensa-esp-elf/esp-14.2.0_20241119/xtensa-esp-elf/bin/../lib/gcc/xtensa-esp-elf/14.2.0/../../../../xtensa-esp-elf/lib/esp32s3 -L/home/sulicat/.espressif/tools/xtensa-esp-elf/esp-14.2.0_20241119/xtensa-esp-elf/bin/../xtensa-esp-elf/lib/esp32s3 -L/home/sulicat/.espressif/tools/xtensa-esp-elf/esp-14.2.0_20241119/xtensa-esp-elf/bin/../lib/gcc/xtensa-esp-elf/14.2.0 -L/home/sulicat/.espressif/tools/xtensa-esp-elf/esp-14.2.0_20241119/xtensa-esp-elf/bin/../lib/gcc -L/home/sulicat/.espressif/tools/xtensa-esp-elf/esp-14.2.0_20241119/xtensa-esp-elf/bin/../lib/gcc/xtensa-esp-elf/14.2.0/../../../../xtensa-esp-elf/lib -L/home/sulicat/.espressif/tools/xtensa-esp-elf/esp-14.2.0_20241119/xtensa-esp-elf/bin/../xtensa-esp-elf/lib -L/home/sulicat/.espressif/tools/xtensa-esp-elf/esp-14.2.0_20241119/xtensa-esp-elf/bin/../xtensa-esp-elf/usr/lib CMakeFiles/cmTC_fa0e5.dir/CMakeCCompilerABI.c.obj -lgcc -lc -lnosys -lc -lgcc
/home/sulicat/.espressif/tools/xtensa-esp-elf/esp-14.2.0_20241119/xtensa-esp-elf/bin/../lib/gcc/xtensa-esp-elf/14.2.0/../../../../xtensa-esp-elf/bin/ld: warning: cannot find entry symbol _start; defaulting to 00400054
COLLECT_GCC_OPTIONS='-mdynconfig=xtensa_esp32s3.so' '-mlongcalls' '-fno-builtin-memcpy' '-fno-builtin-memset' '-fno-builtin-bzero' '-fno-builtin-stpcpy' '-fno-builtin-strncpy' '-nostartfiles' '-v' '-o' 'cmTC_fa0e5' '-dumpdir' 'cmTC_fa0e5.'



Parsed C implicit include dir info from above output: rv=done
  found start of include info
  found start of implicit include info
    add: [/home/sulicat/.espressif/tools/xtensa-esp-elf/esp-14.2.0_20241119/xtensa-esp-elf/bin/../lib/gcc/xtensa-esp-elf/14.2.0/include]
    add: [/home/sulicat/.espressif/tools/xtensa-esp-elf/esp-14.2.0_20241119/xtensa-esp-elf/bin/../lib/gcc/xtensa-esp-elf/14.2.0/include-fixed]
    add: [/home/sulicat/.espressif/tools/xtensa-esp-elf/esp-14.2.0_20241119/xtensa-esp-elf/bin/../lib/gcc/xtensa-esp-elf/14.2.0/../../../../xtensa-esp-elf/include]
  end of search list found
  collapse include dir [/home/sulicat/.espressif/tools/xtensa-esp-elf/esp-14.2.0_20241119/xtensa-esp-elf/bin/../lib/gcc/xtensa-esp-elf/14.2.0/include] ==> [/home/sulicat/.espressif/tools/xtensa-esp-elf/esp-14.2.0_20241119/xtensa-esp-elf/lib/gcc/xtensa-esp-elf/14.2.0/include]
  collapse include dir [/home/sulicat/.espressif/tools/xtensa-esp-elf/esp-14.2.0_20241119/xtensa-esp-elf/bin/../lib/gcc/xtensa-esp-elf/14.2.0/include-fixed] ==> [/home/sulicat/.espressif/tools/xtensa-esp-elf/esp-14.2.0_20241119/xtensa-esp-elf/lib/gcc/xtensa-esp-elf/14.2.0/include-fixed]
  collapse include dir [/home/sulicat/.espressif/tools/xtensa-esp-elf/esp-14.2.0_20241119/xtensa-esp-elf/bin/../lib/gcc/xtensa-esp-elf/14.2.0/../../../../xtensa-esp-elf/include] ==> [/home/sulicat/.espressif/tools/xtensa-esp-elf/esp-14.2.0_20241119/xtensa-esp-elf/xtensa-esp-elf/include]
  implicit include dirs: [/home/sulicat/.espressif/tools/xtensa-esp-elf/esp-14.2.0_20241119/xtensa-esp-elf/lib/gcc/xtensa-esp-elf/14.2.0/include;/home/sulicat/.espressif/tools/xtensa-esp-elf/esp-14.2.0_20241119/xtensa-esp-elf/lib/gcc/xtensa-esp-elf/14.2.0/include-fixed;/home/sulicat/.espressif/tools/xtensa-esp-elf/esp-14.2.0_20241119/xtensa-esp-elf/xtensa-esp-elf/include]


Parsed C implicit link information from above output:
  link line regex: [^( *|.*[/\])(xtensa-esp32s3-elf-ld|CMAKE_LINK_STARTFILE-NOTFOUND|([^/\]+-)?ld|collect2)[^/\]*( |$)]
  ignore line: [Change Dir: /home/sulicat/git/hardware/ReMapper/software/ESP32/ReMapper/build/CMakeFiles/CMakeTmp]
  ignore line: []
  ignore line: [Run Build Command(s):/usr/bin/ninja cmTC_fa0e5 && [1/2] Building C object CMakeFiles/cmTC_fa0e5.dir/CMakeCCompilerABI.c.obj]
  ignore line: [Using built-in specs.]
  ignore line: [COLLECT_GCC=/home/sulicat/.espressif/tools/xtensa-esp-elf/esp-14.2.0_20241119/xtensa-esp-elf/bin/xtensa-esp-elf-gcc]
  ignore line: [Target: xtensa-esp-elf]
  ignore line: [Configured with: /builds/idf/crosstool-NG/.build/xtensa-esp-elf/src/gcc/configure --build=x86_64-build_pc-linux-gnu --host=x86_64-build_pc-linux-gnu --target=xtensa-esp-elf --prefix=/builds/idf/crosstool-NG/builds/xtensa-esp-elf --exec_prefix=/builds/idf/crosstool-NG/builds/xtensa-esp-elf --with-local-prefix=/builds/idf/crosstool-NG/builds/xtensa-esp-elf/xtensa-esp-elf --with-sysroot=/builds/idf/crosstool-NG/builds/xtensa-esp-elf/xtensa-esp-elf --with-native-system-header-dir=/include --with-newlib --enable-threads=no --disable-shared --with-pkgversion='crosstool-NG esp-14.2.0_20241119' --disable-__cxa_atexit --enable-cxx-flags=-ffunction-sections --disable-libgomp --disable-libmudflap --disable-libmpx --disable-libssp --disable-libquadmath --disable-libquadmath-support --disable-libstdcxx-verbose --with-gmp=/builds/idf/crosstool-NG/.build/xtensa-esp-elf/buildtools --with-mpfr=/builds/idf/crosstool-NG/.build/xtensa-esp-elf/buildtools --with-mpc=/builds/idf/crosstool-NG/.build/xtensa-esp-elf/buildtools --with-isl=/builds/idf/crosstool-NG/.build/xtensa-esp-elf/buildtools --enable-lto --enable-target-optspace --without-long-double-128 --disable-nls --enable-multiarch --enable-languages=c c++ --disable-libstdcxx-verbose --enable-threads=posix --enable-gcov-custom-rtio --enable-libstdcxx-time=yes]
  ignore line: [Thread model: posix]
  ignore line: [Supported LTO compression algorithms: zlib zstd]
  ignore line: [gcc version 14.2.0 (crosstool-NG esp-14.2.0_20241119) ]
  ignore line: [COLLECT_GCC_OPTIONS='-mdynconfig=xtensa_esp32s3.so' '-mlongcalls' '-fno-builtin-memcpy' '-fno-builtin-memset' '-fno-builtin-bzero' '-fno-builtin-stpcpy' '-fno-builtin-strncpy' '-v' '-o' 'CMakeFiles/cmTC_fa0e5.dir/CMakeCCompilerABI.c.obj' '-c' '-dumpdir' 'CMakeFiles/cmTC_fa0e5.dir/']
  ignore line: [ /home/sulicat/.espressif/tools/xtensa-esp-elf/esp-14.2.0_20241119/xtensa-esp-elf/bin/../libexec/gcc/xtensa-esp-elf/14.2.0/cc1 -quiet -v -imultilib esp32s3 -iprefix /home/sulicat/.espressif/tools/xtensa-esp-elf/esp-14.2.0_20241119/xtensa-esp-elf/bin/../lib/gcc/xtensa-esp-elf/14.2.0/ -isysroot /home/sulicat/.espressif/tools/xtensa-esp-elf/esp-14.2.0_20241119/xtensa-esp-elf/bin/../xtensa-esp-elf /usr/share/cmake-3.22/Modules/CMakeCCompilerABI.c -quiet -dumpdir CMakeFiles/cmTC_fa0e5.dir/ -dumpbase CMakeCCompilerABI.c.c -dumpbase-ext .c -mdynconfig=xtensa_esp32s3.so -mlongcalls -version -fno-builtin-memcpy -fno-builtin-memset -fno-builtin-bzero -fno-builtin-stpcpy -fno-builtin-strncpy -o /tmp/ccCMaAmE.s]
  ignore line: [GNU C17 (crosstool-NG esp-14.2.0_20241119) version 14.2.0 (xtensa-esp-elf)]
  ignore line: [	compiled by GNU C version 4.9.2  GMP version 6.2.1  MPFR version 4.2.1  MPC version 1.2.1  isl version isl-0.26-GMP]
  ignore line: []
  ignore line: [GGC heuristics: --param ggc-min-expand=100 --param ggc-min-heapsize=131072]
  ignore line: [ignoring duplicate directory "/home/sulicat/.espressif/tools/xtensa-esp-elf/esp-14.2.0_20241119/xtensa-esp-elf/bin/../lib/gcc/../../lib/gcc/xtensa-esp-elf/14.2.0/include"]
  ignore line: [ignoring nonexistent directory "/home/sulicat/.espressif/tools/xtensa-esp-elf/esp-14.2.0_20241119/xtensa-esp-elf/bin/../xtensa-esp-elf/builds/idf/crosstool-NG/builds/xtensa-esp-elf/xtensa-esp-elf/include"]
  ignore line: [ignoring duplicate directory "/home/sulicat/.espressif/tools/xtensa-esp-elf/esp-14.2.0_20241119/xtensa-esp-elf/bin/../lib/gcc/../../lib/gcc/xtensa-esp-elf/14.2.0/include-fixed"]
  ignore line: [ignoring duplicate directory "/home/sulicat/.espressif/tools/xtensa-esp-elf/esp-14.2.0_20241119/xtensa-esp-elf/bin/../lib/gcc/../../lib/gcc/xtensa-esp-elf/14.2.0/../../../../xtensa-esp-elf/include"]
  ignore line: [ignoring duplicate directory "/home/sulicat/.espressif/tools/xtensa-esp-elf/esp-14.2.0_20241119/xtensa-esp-elf/bin/../xtensa-esp-elf/include"]
  ignore line: [#include "..." search starts here:]
  ignore line: [#include <...> search starts here:]
  ignore line: [ /home/sulicat/.espressif/tools/xtensa-esp-elf/esp-14.2.0_20241119/xtensa-esp-elf/bin/../lib/gcc/xtensa-esp-elf/14.2.0/include]
  ignore line: [ /home/sulicat/.espressif/tools/xtensa-esp-elf/esp-14.2.0_20241119/xtensa-esp-elf/bin/../lib/gcc/xtensa-esp-elf/14.2.0/include-fixed]
  ignore line: [ /home/sulicat/.espressif/tools/xtensa-esp-elf/esp-14.2.0_20241119/xtensa-esp-elf/bin/../lib/gcc/xtensa-esp-elf/14.2.0/../../../../xtensa-esp-elf/include]
  ignore line: [End of search list.]
  ignore line: [Compiler executable checksum: 81174f71db4416537376b4420f5c69fd]
  ignore line: [COLLECT_GCC_OPTIONS='-mdynconfig=xtensa_esp32s3.so' '-mlongcalls' '-fno-builtin-memcpy' '-fno-builtin-memset' '-fno-builtin-bzero' '-fno-builtin-stpcpy' '-fno-builtin-strncpy' '-v' '-o' 'CMakeFiles/cmTC_fa0e5.dir/CMakeCCompilerABI.c.obj' '-c' '-dumpdir' 'CMakeFiles/cmTC_fa0e5.dir/']
  ignore line: [ /home/sulicat/.espressif/tools/xtensa-esp-elf/esp-14.2.0_20241119/xtensa-esp-elf/bin/../lib/gcc/xtensa-esp-elf/14.2.0/../../../../xtensa-esp-elf/bin/as --traditional-format --longcalls --dynconfig=xtensa_esp32s3.so -o CMakeFiles/cmTC_fa0e5.dir/CMakeCCompilerABI.c.obj /tmp/ccCMaAmE.s]
  ignore line: [COMPILER_PATH=/home/sulicat/.espressif/tools/xtensa-esp-elf/esp-14.2.0_20241119/xtensa-esp-elf/bin/../libexec/gcc/xtensa-esp-elf/14.2.0/:/home/sulicat/.espressif/tools/xtensa-esp-elf/esp-14.2.0_20241119/xtensa-esp-elf/bin/../libexec/gcc/:/home/sulicat/.espressif/tools/xtensa-esp-elf/esp-14.2.0_20241119/xtensa-esp-elf/bin/../lib/gcc/xtensa-esp-elf/14.2.0/../../../../xtensa-esp-elf/bin/]
  ignore line: [LIBRARY_PATH=/home/sulicat/.espressif/tools/xtensa-esp-elf/esp-14.2.0_20241119/xtensa-esp-elf/bin/../lib/gcc/xtensa-esp-elf/14.2.0/esp32s3/:/home/sulicat/.espressif/tools/xtensa-esp-elf/esp-14.2.0_20241119/xtensa-esp-elf/bin/../lib/gcc/xtensa-esp-elf/14.2.0/../../../../xtensa-esp-elf/lib/esp32s3/:/home/sulicat/.espressif/tools/xtensa-esp-elf/esp-14.2.0_20241119/xtensa-esp-elf/bin/../xtensa-esp-elf/lib/esp32s3/:/home/sulicat/.espressif/tools/xtensa-esp-elf/esp-14.2.0_20241119/xtensa-esp-elf/bin/../lib/gcc/xtensa-esp-elf/14.2.0/:/home/sulicat/.espressif/tools/xtensa-esp-elf/esp-14.2.0_20241119/xtensa-esp-elf/bin/../lib/gcc/:/home/sulicat/.espressif/tools/xtensa-esp-elf/esp-14.2.0_20241119/xtensa-esp-elf/bin/../lib/gcc/xtensa-esp-elf/14.2.0/../../../../xtensa-esp-elf/lib/:/home/sulicat/.espressif/tools/xtensa-esp-elf/esp-14.2.0_20241119/xtensa-esp-elf/bin/../xtensa-esp-elf/lib/:/home/sulicat/.espressif/tools/xtensa-esp-elf/esp-14.2.0_20241119/xtensa-esp-elf/bin/../xtensa-esp-elf/usr/lib/]
  ignore line: [COLLECT_GCC_OPTIONS='-mdynconfig=xtensa_esp32s3.so' '-mlongcalls' '-fno-builtin-memcpy' '-fno-builtin-memset' '-fno-builtin-bzero' '-fno-builtin-stpcpy' '-fno-builtin-strncpy' '-v' '-o' 'CMakeFiles/cmTC_fa0e5.dir/CMakeCCompilerABI.c.obj' '-c' '-dumpdir' 'CMakeFiles/cmTC_fa0e5.dir/CMakeCCompilerABI.c.']
  ignore line: [[2/2] Linking C executable cmTC_fa0e5]
  ignore line: [Using built-in specs.]
  ignore line: [COLLECT_GCC=/home/sulicat/.espressif/tools/xtensa-esp-elf/esp-14.2.0_20241119/xtensa-esp-elf/bin/xtensa-esp-elf-gcc]
  ignore line: [COLLECT_LTO_WRAPPER=/home/sulicat/.espressif/tools/xtensa-esp-elf/esp-14.2.0_20241119/xtensa-esp-elf/bin/../libexec/gcc/xtensa-esp-elf/14.2.0/lto-wrapper]
  ignore line: [Target: xtensa-esp-elf]
  ignore line: [Configured with: /builds/idf/crosstool-NG/.build/xtensa-esp-elf/src/gcc/configure --build=x86_64-build_pc-linux-gnu --host=x86_64-build_pc-linux-gnu --target=xtensa-esp-elf --prefix=/builds/idf/crosstool-NG/builds/xtensa-esp-elf --exec_prefix=/builds/idf/crosstool-NG/builds/xtensa-esp-elf --with-local-prefix=/builds/idf/crosstool-NG/builds/xtensa-esp-elf/xtensa-esp-elf --with-sysroot=/builds/idf/crosstool-NG/builds/xtensa-esp-elf/xtensa-esp-elf --with-native-system-header-dir=/include --with-newlib --enable-threads=no --disable-shared --with-pkgversion='crosstool-NG esp-14.2.0_20241119' --disable-__cxa_atexit --enable-cxx-flags=-ffunction-sections --disable-libgomp --disable-libmudflap --disable-libmpx --disable-libssp --disable-libquadmath --disable-libquadmath-support --disable-libstdcxx-verbose --with-gmp=/builds/idf/crosstool-NG/.build/xtensa-esp-elf/buildtools --with-mpfr=/builds/idf/crosstool-NG/.build/xtensa-esp-elf/buildtools --with-mpc=/builds/idf/crosstool-NG/.build/xtensa-esp-elf/buildtools --with-isl=/builds/idf/crosstool-NG/.build/xtensa-esp-elf/buildtools --enable-lto --enable-target-optspace --without-long-double-128 --disable-nls --enable-multiarch --enable-languages=c c++ --disable-libstdcxx-verbose --enable-threads=posix --enable-gcov-custom-rtio --enable-libstdcxx-time=yes]
  ignore line: [Thread model: posix]
  ignore line: [Supported LTO compression algorithms: zlib zstd]
  ignore line: [gcc version 14.2.0 (crosstool-NG esp-14.2.0_20241119) ]
  ignore line: [COMPILER_PATH=/home/sulicat/.espressif/tools/xtensa-esp-elf/esp-14.2.0_20241119/xtensa-esp-elf/bin/../libexec/gcc/xtensa-esp-elf/14.2.0/:/home/sulicat/.espressif/tools/xtensa-esp-elf/esp-14.2.0_20241119/xtensa-esp-elf/bin/../libexec/gcc/:/home/sulicat/.espressif/tools/xtensa-esp-elf/esp-14.2.0_20241119/xtensa-esp-elf/bin/../lib/gcc/xtensa-esp-elf/14.2.0/../../../../xtensa-esp-elf/bin/]
  ignore line: [LIBRARY_PATH=/home/sulicat/.espressif/tools/xtensa-esp-elf/esp-14.2.0_20241119/xtensa-esp-elf/bin/../lib/gcc/xtensa-esp-elf/14.2.0/esp32s3/:/home/sulicat/.espressif/tools/xtensa-esp-elf/esp-14.2.0_20241119/xtensa-esp-elf/bin/../lib/gcc/xtensa-esp-elf/14.2.0/../../../../xtensa-esp-elf/lib/esp32s3/:/home/sulicat/.espressif/tools/xtensa-esp-elf/esp-14.2.0_20241119/xtensa-esp-elf/bin/../xtensa-esp-elf/lib/esp32s3/:/home/sulicat/.espressif/tools/xtensa-esp-elf/esp-14.2.0_20241119/xtensa-esp-elf/bin/../lib/gcc/xtensa-esp-elf/14.2.0/:/home/sulicat/.espressif/tools/xtensa-esp-elf/esp-14.2.0_20241119/xtensa-esp-elf/bin/../lib/gcc/:/home/sulicat/.espressif/tools/xtensa-esp-elf/esp-14.2.0_20241119/xtensa-esp-elf/bin/../lib/gcc/xtensa-esp-elf/14.2.0/../../../../xtensa-esp-elf/lib/:/home/sulicat/.espressif/tools/xtensa-esp-elf/esp-14.2.0_20241119/xtensa-esp-elf/bin/../xtensa-esp-elf/lib/:/home/sulicat/.espressif/tools/xtensa-esp-elf/esp-14.2.0_20241119/xtensa-esp-elf/bin/../xtensa-esp-elf/usr/lib/]
  ignore line: [COLLECT_GCC_OPTIONS='-mdynconfig=xtensa_esp32s3.so' '-mlongcalls' '-fno-builtin-memcpy' '-fno-builtin-memset' '-fno-builtin-bzero' '-fno-builtin-stpcpy' '-fno-builtin-strncpy' '-nostartfiles' '-v' '-o' 'cmTC_fa0e5' '-dumpdir' 'cmTC_fa0e5.']
  link line: [ /home/sulicat/.espressif/tools/xtensa-esp-elf/esp-14.2.0_20241119/xtensa-esp-elf/bin/../libexec/gcc/xtensa-esp-elf/14.2.0/collect2 -plugin /home/sulicat/.espressif/tools/xtensa-esp-elf/esp-14.2.0_20241119/xtensa-esp-elf/bin/../libexec/gcc/xtensa-esp-elf/14.2.0/liblto_plugin.so -plugin-opt=/home/sulicat/.espressif/tools/xtensa-esp-elf/esp-14.2.0_20241119/xtensa-esp-elf/bin/../libexec/gcc/xtensa-esp-elf/14.2.0/lto-wrapper -plugin-opt=-fresolution=/tmp/cc3NCgkF.res -plugin-opt=-pass-through=-lgcc -plugin-opt=-pass-through=-lc -plugin-opt=-pass-through=-lnosys -plugin-opt=-pass-through=-lc -plugin-opt=-pass-through=-lgcc --sysroot=/home/sulicat/.espressif/tools/xtensa-esp-elf/esp-14.2.0_20241119/xtensa-esp-elf/bin/../xtensa-esp-elf --dynconfig=xtensa_esp32s3.so -o cmTC_fa0e5 -L/home/sulicat/.espressif/tools/xtensa-esp-elf/esp-14.2.0_20241119/xtensa-esp-elf/bin/../lib/gcc/xtensa-esp-elf/14.2.0/esp32s3 -L/home/sulicat/.espressif/tools/xtensa-esp-elf/esp-14.2.0_20241119/xtensa-esp-elf/bin/../lib/gcc/xtensa-esp-elf/14.2.0/../../../../xtensa-esp-elf/lib/esp32s3 -L/home/sulicat/.espressif/tools/xtensa-esp-elf/esp-14.2.0_20241119/xtensa-esp-elf/bin/../xtensa-esp-elf/lib/esp32s3 -L/home/sulicat/.espressif/tools/xtensa-esp-elf/esp-14.2.0_20241119/xtensa-esp-elf/bin/../lib/gcc/xtensa-esp-elf/14.2.0 -L/home/sulicat/.espressif/tools/xtensa-esp-elf/esp-14.2.0_20241119/xtensa-esp-elf/bin/../lib/gcc -L/home/sulicat/.espressif/tools/xtensa-esp-elf/esp-14.2.0_20241119/xtensa-esp-elf/bin/../lib/gcc/xtensa-esp-elf/14.2.0/../../../../xtensa-esp-elf/lib -L/home/sulicat/.espressif/tools/xtensa-esp-elf/esp-14.2.0_20241119/xtensa-esp-elf/bin/../xtensa-esp-elf/lib -L/home/sulicat/.espressif/tools/xtensa-esp-elf/esp-14.2.0_20241119/xtensa-esp-elf/bin/../xtensa-esp-elf/usr/lib CMakeFiles/cmTC_fa0e5.dir/CMakeCCompilerABI.c.obj -lgcc -lc -lnosys -lc -lgcc]
    arg [/home/sulicat/.espressif/tools/xtensa-esp-elf/esp-14.2.0_20241119/xtensa-esp-elf/bin/../libexec/gcc/xtensa-esp-elf/14.2.0/collect2] ==> ignore
    arg [-plugin] ==> ignore
    arg [/home/sulicat/.espressif/tools/xtensa-esp-elf/esp-14.2.0_20241119/xtensa-esp-elf/bin/../libexec/gcc/xtensa-esp-elf/14.2.0/liblto_plugin.so] ==> ignore
    arg [-plugin-opt=/home/sulicat/.espressif/tools/xtensa-esp-elf/esp-14.2.0_20241119/xtensa-esp-elf/bin/../libexec/gcc/xtensa-esp-elf/14.2.0/lto-wrapper] ==> ignore
    arg [-plugin-opt=-fresolution=/tmp/cc3NCgkF.res] ==> ignore
    arg [-plugin-opt=-pass-through=-lgcc] ==> ignore
    arg [-plugin-opt=-pass-through=-lc] ==> ignore
    arg [-plugin-opt=-pass-through=-lnosys] ==> ignore
    arg [-plugin-opt=-pass-through=-lc] ==> ignore
    arg [-plugin-opt=-pass-through=-lgcc] ==> ignore
    arg [--sysroot=/home/sulicat/.espressif/tools/xtensa-esp-elf/esp-14.2.0_20241119/xtensa-esp-elf/bin/../xtensa-esp-elf] ==> ignore
    arg [--dynconfig=xtensa_esp32s3.so] ==> ignore
    arg [-o] ==> ignore
    arg [cmTC_fa0e5] ==> ignore
    arg [-L/home/sulicat/.espressif/tools/xtensa-esp-elf/esp-14.2.0_20241119/xtensa-esp-elf/bin/../lib/gcc/xtensa-esp-elf/14.2.0/esp32s3] ==> dir [/home/sulicat/.espressif/tools/xtensa-esp-elf/esp-14.2.0_20241119/xtensa-esp-elf/bin/../lib/gcc/xtensa-esp-elf/14.2.0/esp32s3]
    arg [-L/home/sulicat/.espressif/tools/xtensa-esp-elf/esp-14.2.0_20241119/xtensa-esp-elf/bin/../lib/gcc/xtensa-esp-elf/14.2.0/../../../../xtensa-esp-elf/lib/esp32s3] ==> dir [/home/sulicat/.espressif/tools/xtensa-esp-elf/esp-14.2.0_20241119/xtensa-esp-elf/bin/../lib/gcc/xtensa-esp-elf/14.2.0/../../../../xtensa-esp-elf/lib/esp32s3]
    arg [-L/home/sulicat/.espressif/tools/xtensa-esp-elf/esp-14.2.0_20241119/xtensa-esp-elf/bin/../xtensa-esp-elf/lib/esp32s3] ==> dir [/home/sulicat/.espressif/tools/xtensa-esp-elf/esp-14.2.0_20241119/xtensa-esp-elf/bin/../xtensa-esp-elf/lib/esp32s3]
    arg [-L/home/sulicat/.espressif/tools/xtensa-esp-elf/esp-14.2.0_20241119/xtensa-esp-elf/bin/../lib/gcc/xtensa-esp-elf/14.2.0] ==> dir [/home/sulicat/.espressif/tools/xtensa-esp-elf/esp-14.2.0_20241119/xtensa-esp-elf/bin/../lib/gcc/xtensa-esp-elf/14.2.0]
    arg [-L/home/sulicat/.espressif/tools/xtensa-esp-elf/esp-14.2.0_20241119/xtensa-esp-elf/bin/../lib/gcc] ==> dir [/home/sulicat/.espressif/tools/xtensa-esp-elf/esp-14.2.0_20241119/xtensa-esp-elf/bin/../lib/gcc]
    arg [-L/home/sulicat/.espressif/tools/xtensa-esp-elf/esp-14.2.0_20241119/xtensa-esp-elf/bin/../lib/gcc/xtensa-esp-elf/14.2.0/../../../../xtensa-esp-elf/lib] ==> dir [/home/sulicat/.espressif/tools/xtensa-esp-elf/esp-14.2.0_20241119/xtensa-esp-elf/bin/../lib/gcc/xtensa-esp-elf/14.2.0/../../../../xtensa-esp-elf/lib]
    arg [-L/home/sulicat/.espressif/tools/xtensa-esp-elf/esp-14.2.0_20241119/xtensa-esp-elf/bin/../xtensa-esp-elf/lib] ==> dir [/home/sulicat/.espressif/tools/xtensa-esp-elf/esp-14.2.0_20241119/xtensa-esp-elf/bin/../xtensa-esp-elf/lib]
    arg [-L/home/sulicat/.espressif/tools/xtensa-esp-elf/esp-14.2.0_20241119/xtensa-esp-elf/bin/../xtensa-esp-elf/usr/lib] ==> dir [/home/sulicat/.espressif/tools/xtensa-esp-elf/esp-14.2.0_20241119/xtensa-esp-elf/bin/../xtensa-esp-elf/usr/lib]
    arg [CMakeFiles/cmTC_fa0e5.dir/CMakeCCompilerABI.c.obj] ==> ignore
    arg [-lgcc] ==> lib [gcc]
    arg [-lc] ==> lib [c]
    arg [-lnosys] ==> lib [nosys]
    arg [-lc] ==> lib [c]
    arg [-lgcc] ==> lib [gcc]
  collapse library dir [/home/sulicat/.espressif/tools/xtensa-esp-elf/esp-14.2.0_20241119/xtensa-esp-elf/bin/../lib/gcc/xtensa-esp-elf/14.2.0/esp32s3] ==> [/home/sulicat/.espressif/tools/xtensa-esp-elf/esp-14.2.0_20241119/xtensa-esp-elf/lib/gcc/xtensa-esp-elf/14.2.0/esp32s3]
  collapse library dir [/home/sulicat/.espressif/tools/xtensa-esp-elf/esp-14.2.0_20241119/xtensa-esp-elf/bin/../lib/gcc/xtensa-esp-elf/14.2.0/../../../../xtensa-esp-elf/lib/esp32s3] ==> [/home/sulicat/.espressif/tools/xtensa-esp-elf/esp-14.2.0_20241119/xtensa-esp-elf/xtensa-esp-elf/lib/esp32s3]
  collapse library dir [/home/sulicat/.espressif/tools/xtensa-esp-elf/esp-14.2.0_20241119/xtensa-esp-elf/bin/../xtensa-esp-elf/lib/esp32s3] ==> [/home/sulicat/.espressif/tools/xtensa-esp-elf/esp-14.2.0_20241119/xtensa-esp-elf/xtensa-esp-elf/lib/esp32s3]
  collapse library dir [/home/sulicat/.espressif/tools/xtensa-esp-elf/esp-14.2.0_20241119/xtensa-esp-elf/bin/../lib/gcc/xtensa-esp-elf/14.2.0] ==> [/home/sulicat/.espressif/tools/xtensa-esp-elf/esp-14.2.0_20241119/xtensa-esp-elf/lib/gcc/xtensa-esp-elf/14.2.0]
  collapse library dir [/home/sulicat/.espressif/tools/xtensa-esp-elf/esp-14.2.0_20241119/xtensa-esp-elf/bin/../lib/gcc] ==> [/home/sulicat/.espressif/tools/xtensa-esp-elf/esp-14.2.0_20241119/xtensa-esp-elf/lib/gcc]
  collapse library dir [/home/sulicat/.espressif/tools/xtensa-esp-elf/esp-14.2.0_20241119/xtensa-esp-elf/bin/../lib/gcc/xtensa-esp-elf/14.2.0/../../../../xtensa-esp-elf/lib] ==> [/home/sulicat/.espressif/tools/xtensa-esp-elf/esp-14.2.0_20241119/xtensa-esp-elf/xtensa-esp-elf/lib]
  collapse library dir [/home/sulicat/.espressif/tools/xtensa-esp-elf/esp-14.2.0_20241119/xtensa-esp-elf/bin/../xtensa-esp-elf/lib] ==> [/home/sulicat/.espressif/tools/xtensa-esp-elf/esp-14.2.0_20241119/xtensa-esp-elf/xtensa-esp-elf/lib]
  collapse library dir [/home/sulicat/.espressif/tools/xtensa-esp-elf/esp-14.2.0_20241119/xtensa-esp-elf/bin/../xtensa-esp-elf/usr/lib] ==> [/home/sulicat/.espressif/tools/xtensa-esp-elf/esp-14.2.0_20241119/xtensa-esp-elf/xtensa-esp-elf/usr/lib]
  implicit libs: [gcc;c;nosys;c;gcc]
  implicit objs: []
  implicit dirs: [/home/sulicat/.espressif/tools/xtensa-esp-elf/esp-14.2.0_20241119/xtensa-esp-elf/lib/gcc/xtensa-esp-elf/14.2.0/esp32s3;/home/sulicat/.espressif/tools/xtensa-esp-elf/esp-14.2.0_20241119/xtensa-esp-elf/xtensa-esp-elf/lib/esp32s3;/home/sulicat/.espressif/tools/xtensa-esp-elf/esp-14.2.0_20241119/xtensa-esp-elf/lib/gcc/xtensa-esp-elf/14.2.0;/home/sulicat/.espressif/tools/xtensa-esp-elf/esp-14.2.0_20241119/xtensa-esp-elf/lib/gcc;/home/sulicat/.espressif/tools/xtensa-esp-elf/esp-14.2.0_20241119/xtensa-esp-elf/xtensa-esp-elf/lib;/home/sulicat/.espressif/tools/xtensa-esp-elf/esp-14.2.0_20241119/xtensa-esp-elf/xtensa-esp-elf/usr/lib]
  implicit fwks: []


Detecting CXX compiler ABI info compiled with the following output:
Change Dir: /home/sulicat/git/hardware/ReMapper/software/ESP32/ReMapper/build/CMakeFiles/CMakeTmp

Run Build Command(s):/usr/bin/ninja cmTC_6b7b8 && [1/2] Building CXX object CMakeFiles/cmTC_6b7b8.dir/CMakeCXXCompilerABI.cpp.obj
Using built-in specs.
COLLECT_GCC=/home/sulicat/.espressif/tools/xtensa-esp-elf/esp-14.2.0_20241119/xtensa-esp-elf/bin/xtensa-esp-elf-g++
Target: xtensa-esp-elf
Configured with: /builds/idf/crosstool-NG/.build/xtensa-esp-elf/src/gcc/configure --build=x86_64-build_pc-linux-gnu --host=x86_64-build_pc-linux-gnu --target=xtensa-esp-elf --prefix=/builds/idf/crosstool-NG/builds/xtensa-esp-elf --exec_prefix=/builds/idf/crosstool-NG/builds/xtensa-esp-elf --with-local-prefix=/builds/idf/crosstool-NG/builds/xtensa-esp-elf/xtensa-esp-elf --with-sysroot=/builds/idf/crosstool-NG/builds/xtensa-esp-elf/xtensa-esp-elf --with-native-system-header-dir=/include --with-newlib --enable-threads=no --disable-shared --with-pkgversion='crosstool-NG esp-14.2.0_20241119' --disable-__cxa_atexit --enable-cxx-flags=-ffunction-sections --disable-libgomp --disable-libmudflap --disable-libmpx --disable-libssp --disable-libquadmath --disable-libquadmath-support --disable-libstdcxx-verbose --with-gmp=/builds/idf/crosstool-NG/.build/xtensa-esp-elf/buildtools --with-mpfr=/builds/idf/crosstool-NG/.build/xtensa-esp-elf/buildtools --with-mpc=/builds/idf/crosstool-NG/.build/xtensa-esp-elf/buildtools --with-isl=/builds/idf/crosstool-NG/.build/xtensa-esp-elf/buildtools --enable-lto --enable-target-optspace --without-long-double-128 --disable-nls --enable-multiarch --enable-languages=c,c++ --disable-libstdcxx-verbose --enable-threads=posix --enable-gcov-custom-rtio --enable-libstdcxx-time=yes
Thread model: posix
Supported LTO compression algorithms: zlib zstd
gcc version 14.2.0 (crosstool-NG esp-14.2.0_20241119) 
COLLECT_GCC_OPTIONS='-mdynconfig=xtensa_esp32s3.so' '-mlongcalls' '-fno-builtin-memcpy' '-fno-builtin-memset' '-fno-builtin-bzero' '-fno-builtin-stpcpy' '-fno-builtin-strncpy' '-v' '-o' 'CMakeFiles/cmTC_6b7b8.dir/CMakeCXXCompilerABI.cpp.obj' '-c' '-dumpdir' 'CMakeFiles/cmTC_6b7b8.dir/'
 /home/sulicat/.espressif/tools/xtensa-esp-elf/esp-14.2.0_20241119/xtensa-esp-elf/bin/../libexec/gcc/xtensa-esp-elf/14.2.0/cc1plus -quiet -v -imultilib esp32s3 -iprefix /home/sulicat/.espressif/tools/xtensa-esp-elf/esp-14.2.0_20241119/xtensa-esp-elf/bin/../lib/gcc/xtensa-esp-elf/14.2.0/ -isysroot /home/sulicat/.espressif/tools/xtensa-esp-elf/esp-14.2.0_20241119/xtensa-esp-elf/bin/../xtensa-esp-elf /usr/share/cmake-3.22/Modules/CMakeCXXCompilerABI.cpp -quiet -dumpdir CMakeFiles/cmTC_6b7b8.dir/ -dumpbase CMakeCXXCompilerABI.cpp.cpp -dumpbase-ext .cpp -mdynconfig=xtensa_esp32s3.so -mlongcalls -version -fno-builtin-memcpy -fno-builtin-memset -fno-builtin-bzero -fno-builtin-stpcpy -fno-builtin-strncpy -o /tmp/ccvZjGtC.s
GNU C++17 (crosstool-NG esp-14.2.0_20241119) version 14.2.0 (xtensa-esp-elf)
	compiled by GNU C version 4.9.2, GMP version 6.2.1, MPFR version 4.2.1, MPC version 1.2.1, isl version isl-0.26-GMP

GGC heuristics: --param ggc-min-expand=100 --param ggc-min-heapsize=131072
ignoring duplicate directory "/home/sulicat/.espressif/tools/xtensa-esp-elf/esp-14.2.0_20241119/xtensa-esp-elf/bin/../lib/gcc/../../lib/gcc/xtensa-esp-elf/14.2.0/../../../../xtensa-esp-elf/include/c++/14.2.0"
ignoring duplicate directory "/home/sulicat/.espressif/tools/xtensa-esp-elf/esp-14.2.0_20241119/xtensa-esp-elf/bin/../lib/gcc/../../lib/gcc/xtensa-esp-elf/14.2.0/../../../../xtensa-esp-elf/include/c++/14.2.0/xtensa-esp-elf/esp32s3"
ignoring duplicate directory "/home/sulicat/.espressif/tools/xtensa-esp-elf/esp-14.2.0_20241119/xtensa-esp-elf/bin/../lib/gcc/../../lib/gcc/xtensa-esp-elf/14.2.0/../../../../xtensa-esp-elf/include/c++/14.2.0/backward"
ignoring duplicate directory "/home/sulicat/.espressif/tools/xtensa-esp-elf/esp-14.2.0_20241119/xtensa-esp-elf/bin/../lib/gcc/../../lib/gcc/xtensa-esp-elf/14.2.0/include"
ignoring nonexistent directory "/home/sulicat/.espressif/tools/xtensa-esp-elf/esp-14.2.0_20241119/xtensa-esp-elf/bin/../xtensa-esp-elf/builds/idf/crosstool-NG/builds/xtensa-esp-elf/xtensa-esp-elf/include"
ignoring duplicate directory "/home/sulicat/.espressif/tools/xtensa-esp-elf/esp-14.2.0_20241119/xtensa-esp-elf/bin/../lib/gcc/../../lib/gcc/xtensa-esp-elf/14.2.0/include-fixed"
ignoring duplicate directory "/home/sulicat/.espressif/tools/xtensa-esp-elf/esp-14.2.0_20241119/xtensa-esp-elf/bin/../lib/gcc/../../lib/gcc/xtensa-esp-elf/14.2.0/../../../../xtensa-esp-elf/include"
ignoring duplicate directory "/home/sulicat/.espressif/tools/xtensa-esp-elf/esp-14.2.0_20241119/xtensa-esp-elf/bin/../xtensa-esp-elf/include"
#include "..." search starts here:
#include <...> search starts here:
 /home/sulicat/.espressif/tools/xtensa-esp-elf/esp-14.2.0_20241119/xtensa-esp-elf/bin/../lib/gcc/xtensa-esp-elf/14.2.0/../../../../xtensa-esp-elf/include/c++/14.2.0
 /home/sulicat/.espressif/tools/xtensa-esp-elf/esp-14.2.0_20241119/xtensa-esp-elf/bin/../lib/gcc/xtensa-esp-elf/14.2.0/../../../../xtensa-esp-elf/include/c++/14.2.0/xtensa-esp-elf/esp32s3
 /home/sulicat/.espressif/tools/xtensa-esp-elf/esp-14.2.0_20241119/xtensa-esp-elf/bin/../lib/gcc/xtensa-esp-elf/14.2.0/../../../../xtensa-esp-elf/include/c++/14.2.0/backward
 /home/sulicat/.espressif/tools/xtensa-esp-elf/esp-14.2.0_20241119/xtensa-esp-elf/bin/../lib/gcc/xtensa-esp-elf/14.2.0/include
 /home/sulicat/.espressif/tools/xtensa-esp-elf/esp-14.2.0_20241119/xtensa-esp-elf/bin/../lib/gcc/xtensa-esp-elf/14.2.0/include-fixed
 /home/sulicat/.espressif/tools/xtensa-esp-elf/esp-14.2.0_20241119/xtensa-esp-elf/bin/../lib/gcc/xtensa-esp-elf/14.2.0/../../../../xtensa-esp-elf/include
End of search list.
Compiler executable checksum: 00a0abec3a35f1fd29e56d9fb54b091a
COLLECT_GCC_OPTIONS='-mdynconfig=xtensa_esp32s3.so' '-mlongcalls' '-fno-builtin-memcpy' '-fno-builtin-memset' '-fno-builtin-bzero' '-fno-builtin-stpcpy' '-fno-builtin-strncpy' '-v' '-o' 'CMakeFiles/cmTC_6b7b8.dir/CMakeCXXCompilerABI.cpp.obj' '-c' '-dumpdir' 'CMakeFiles/cmTC_6b7b8.dir/'
 /home/sulicat/.espressif/tools/xtensa-esp-elf/esp-14.2.0_20241119/xtensa-esp-elf/bin/../lib/gcc/xtensa-esp-elf/14.2.0/../../../../xtensa-esp-elf/bin/as --traditional-format --longcalls --dynconfig=xtensa_esp32s3.so -o CMakeFiles/cmTC_6b7b8.dir/CMakeCXXCompilerABI.cpp.obj /tmp/ccvZjGtC.s
COMPILER_PATH=/home/sulicat/.espressif/tools/xtensa-esp-elf/esp-14.2.0_20241119/xtensa-esp-elf/bin/../libexec/gcc/xtensa-esp-elf/14.2.0/:/home/sulicat/.espressif/tools/xtensa-esp-elf/esp-14.2.0_20241119/xtensa-esp-elf/bin/../libexec/gcc/:/home/sulicat/.espressif/tools/xtensa-esp-elf/esp-14.2.0_20241119/xtensa-esp-elf/bin/../lib/gcc/xtensa-esp-elf/14.2.0/../../../../xtensa-esp-elf/bin/
LIBRARY_PATH=/home/sulicat/.espressif/tools/xtensa-esp-elf/esp-14.2.0_20241119/xtensa-esp-elf/bin/../lib/gcc/xtensa-esp-elf/14.2.0/esp32s3/:/home/sulicat/.espressif/tools/xtensa-esp-elf/esp-14.2.0_20241119/xtensa-esp-elf/bin/../lib/gcc/xtensa-esp-elf/14.2.0/../../../../xtensa-esp-elf/lib/esp32s3/:/home/sulicat/.espressif/tools/xtensa-esp-elf/esp-14.2.0_20241119/xtensa-esp-elf/bin/../xtensa-esp-elf/lib/esp32s3/:/home/sulicat/.espressif/tools/xtensa-esp-elf/esp-14.2.0_20241119/xtensa-esp-elf/bin/../lib/gcc/xtensa-esp-elf/14.2.0/:/home/sulicat/.espressif/tools/xtensa-esp-elf/esp-14.2.0_20241119/xtensa-esp-elf/bin/../lib/gcc/:/home/sulicat/.espressif/tools/xtensa-esp-elf/esp-14.2.0_20241119/xtensa-esp-elf/bin/../lib/gcc/xtensa-esp-elf/14.2.0/../../../../xtensa-esp-elf/lib/:/home/sulicat/.espressif/tools/xtensa-esp-elf/esp-14.2.0_20241119/xtensa-esp-elf/bin/../xtensa-esp-elf/lib/:/home/sulicat/.espressif/tools/xtensa-esp-elf/esp-14.2.0_20241119/xtensa-esp-elf/bin/../xtensa-esp-elf/usr/lib/
COLLECT_GCC_OPTIONS='-mdynconfig=xtensa_esp32s3.so' '-mlongcalls' '-fno-builtin-memcpy' '-fno-builtin-memset' '-fno-builtin-bzero' '-fno-builtin-stpcpy' '-fno-builtin-strncpy' '-v' '-o' 'CMakeFiles/cmTC_6b7b8.dir/CMakeCXXCompilerABI.cpp.obj' '-c' '-dumpdir' 'CMakeFiles/cmTC_6b7b8.dir/CMakeCXXCompilerABI.cpp.'
[2/2] Linking CXX executable cmTC_6b7b8
Using built-in specs.
COLLECT_GCC=/home/sulicat/.espressif/tools/xtensa-esp-elf/esp-14.2.0_20241119/xtensa-esp-elf/bin/xtensa-esp-elf-g++
COLLECT_LTO_WRAPPER=/home/sulicat/.espressif/tools/xtensa-esp-elf/esp-14.2.0_20241119/xtensa-esp-elf/bin/../libexec/gcc/xtensa-esp-elf/14.2.0/lto-wrapper
Target: xtensa-esp-elf
Configured with: /builds/idf/crosstool-NG/.build/xtensa-esp-elf/src/gcc/configure --build=x86_64-build_pc-linux-gnu --host=x86_64-build_pc-linux-gnu --target=xtensa-esp-elf --prefix=/builds/idf/crosstool-NG/builds/xtensa-esp-elf --exec_prefix=/builds/idf/crosstool-NG/builds/xtensa-esp-elf --with-local-prefix=/builds/idf/crosstool-NG/builds/xtensa-esp-elf/xtensa-esp-elf --with-sysroot=/builds/idf/crosstool-NG/builds/xtensa-esp-elf/xtensa-esp-elf --with-native-system-header-dir=/include --with-newlib --enable-threads=no --disable-shared --with-pkgversion='crosstool-NG esp-14.2.0_20241119' --disable-__cxa_atexit --enable-cxx-flags=-ffunction-sections --disable-libgomp --disable-libmudflap --disable-libmpx --disable-libssp --disable-libquadmath --disable-libquadmath-support --disable-libstdcxx-verbose --with-gmp=/builds/idf/crosstool-NG/.build/xtensa-esp-elf/buildtools --with-mpfr=/builds/idf/crosstool-NG/.build/xtensa-esp-elf/buildtools --with-mpc=/builds/idf/crosstool-NG/.build/xtensa-esp-elf/buildtools --with-isl=/builds/idf/crosstool-NG/.build/xtensa-esp-elf/buildtools --enable-lto --enable-target-optspace --without-long-double-128 --disable-nls --enable-multiarch --enable-languages=c,c++ --disable-libstdcxx-verbose --enable-threads=posix --enable-gcov-custom-rtio --enable-libstdcxx-time=yes
Thread model: posix
Supported LTO compression algorithms: zlib zstd
gcc version 14.2.0 (crosstool-NG esp-14.2.0_20241119) 
COMPILER_PATH=/home/sulicat/.espressif/tools/xtensa-esp-elf/esp-14.2.0_20241119/xtensa-esp-elf/bin/../libexec/gcc/xtensa-esp-elf/14.2.0/:/home/sulicat/.espressif/tools/xtensa-esp-elf/esp-14.2.0_20241119/xtensa-esp-elf/bin/../libexec/gcc/:/home/sulicat/.espressif/tools/xtensa-esp-elf/esp-14.2.0_20241119/xtensa-esp-elf/bin/../lib/gcc/xtensa-esp-elf/14.2.0/../../../../xtensa-esp-elf/bin/
LIBRARY_PATH=/home/sulicat/.espressif/tools/xtensa-esp-elf/esp-14.2.0_20241119/xtensa-esp-elf/bin/../lib/gcc/xtensa-esp-elf/14.2.0/esp32s3/:/home/sulicat/.espressif/tools/xtensa-esp-elf/esp-14.2.0_20241119/xtensa-esp-elf/bin/../lib/gcc/xtensa-esp-elf/14.2.0/../../../../xtensa-esp-elf/lib/esp32s3/:/home/sulicat/.espressif/tools/xtensa-esp-elf/esp-14.2.0_20241119/xtensa-esp-elf/bin/../xtensa-esp-elf/lib/esp32s3/:/home/sulicat/.espressif/tools/xtensa-esp-elf/esp-14.2.0_20241119/xtensa-esp-elf/bin/../lib/gcc/xtensa-esp-elf/14.2.0/:/home/sulicat/.espressif/tools/xtensa-esp-elf/esp-14.2.0_20241119/xtensa-esp-elf/bin/../lib/gcc/:/home/sulicat/.espressif/tools/xtensa-esp-elf/esp-14.2.0_20241119/xtensa-esp-elf/bin/../lib/gcc/xtensa-esp-elf/14.2.0/../../../../xtensa-esp-elf/lib/:/home/sulicat/.espressif/tools/xtensa-esp-elf/esp-14.2.0_20241119/xtensa-esp-elf/bin/../xtensa-esp-elf/lib/:/home/sulicat/.espressif/tools/xtensa-esp-elf/esp-14.2.0_20241119/xtensa-esp-elf/bin/../xtensa-esp-elf/usr/lib/
COLLECT_GCC_OPTIONS='-mdynconfig=xtensa_esp32s3.so' '-mlongcalls' '-fno-builtin-memcpy' '-fno-builtin-memset' '-fno-builtin-bzero' '-fno-builtin-stpcpy' '-fno-builtin-strncpy' '-nostartfiles' '-v' '-o' 'cmTC_6b7b8' '-dumpdir' 'cmTC_6b7b8.'
 /home/sulicat/.espressif/tools/xtensa-esp-elf/esp-14.2.0_20241119/xtensa-esp-elf/bin/../libexec/gcc/xtensa-esp-elf/14.2.0/collect2 -plugin /home/sulicat/.espressif/tools/xtensa-esp-elf/esp-14.2.0_20241119/xtensa-esp-elf/bin/../libexec/gcc/xtensa-esp-elf/14.2.0/liblto_plugin.so -plugin-opt=/home/sulicat/.espressif/tools/xtensa-esp-elf/esp-14.2.0_20241119/xtensa-esp-elf/bin/../libexec/gcc/xtensa-esp-elf/14.2.0/lto-wrapper -plugin-opt=-fresolution=/tmp/cc2o9m52.res -plugin-opt=-pass-through=-lgcc -plugin-opt=-pass-through=-lc -plugin-opt=-pass-through=-lnosys -plugin-opt=-pass-through=-lc -plugin-opt=-pass-through=-lgcc --sysroot=/home/sulicat/.espressif/tools/xtensa-esp-elf/esp-14.2.0_20241119/xtensa-esp-elf/bin/../xtensa-esp-elf --dynconfig=xtensa_esp32s3.so -o cmTC_6b7b8 -L/home/sulicat/.espressif/tools/xtensa-esp-elf/esp-14.2.0_20241119/xtensa-esp-elf/bin/../lib/gcc/xtensa-esp-elf/14.2.0/esp32s3 -L/home/sulicat/.espressif/tools/xtensa-esp-elf/esp-14.2.0_20241119/xtensa-esp-elf/bin/../lib/gcc/xtensa-esp-elf/14.2.0/../../../../xtensa-esp-elf/lib/esp32s3 -L/home/sulicat/.espressif/tools/xtensa-esp-elf/esp-14.2.0_20241119/xtensa-esp-elf/bin/../xtensa-esp-elf/lib/esp32s3 -L/home/sulicat/.espressif/tools/xtensa-esp-elf/esp-14.2.0_20241119/xtensa-esp-elf/bin/../lib/gcc/xtensa-esp-elf/14.2.0 -L/home/sulicat/.espressif/tools/xtensa-esp-elf/esp-14.2.0_20241119/xtensa-esp-elf/bin/../lib/gcc -L/home/sulicat/.espressif/tools/xtensa-esp-elf/esp-14.2.0_20241119/xtensa-esp-elf/bin/../lib/gcc/xtensa-esp-elf/14.2.0/../../../../xtensa-esp-elf/lib -L/home/sulicat/.espressif/tools/xtensa-esp-elf/esp-14.2.0_20241119/xtensa-esp-elf/bin/../xtensa-esp-elf/lib -L/home/sulicat/.espressif/tools/xtensa-esp-elf/esp-14.2.0_20241119/xtensa-esp-elf/bin/../xtensa-esp-elf/usr/lib CMakeFiles/cmTC_6b7b8.dir/CMakeCXXCompilerABI.cpp.obj -lstdc++ -lm -lgcc -lc -lnosys -lc -lgcc
/home/sulicat/.espressif/tools/xtensa-esp-elf/esp-14.2.0_20241119/xtensa-esp-elf/bin/../lib/gcc/xtensa-esp-elf/14.2.0/../../../../xtensa-esp-elf/bin/ld: warning: cannot find entry symbol _start; defaulting to 00400054
COLLECT_GCC_OPTIONS='-mdynconfig=xtensa_esp32s3.so' '-mlongcalls' '-fno-builtin-memcpy' '-fno-builtin-memset' '-fno-builtin-bzero' '-fno-builtin-stpcpy' '-fno-builtin-strncpy' '-nostartfiles' '-v' '-o' 'cmTC_6b7b8' '-dumpdir' 'cmTC_6b7b8.'



Parsed CXX implicit include dir info from above output: rv=done
  found start of include info
  found start of implicit include info
    add: [/home/sulicat/.espressif/tools/xtensa-esp-elf/esp-14.2.0_20241119/xtensa-esp-elf/bin/../lib/gcc/xtensa-esp-elf/14.2.0/../../../../xtensa-esp-elf/include/c++/14.2.0]
    add: [/home/sulicat/.espressif/tools/xtensa-esp-elf/esp-14.2.0_20241119/xtensa-esp-elf/bin/../lib/gcc/xtensa-esp-elf/14.2.0/../../../../xtensa-esp-elf/include/c++/14.2.0/xtensa-esp-elf/esp32s3]
    add: [/home/sulicat/.espressif/tools/xtensa-esp-elf/esp-14.2.0_20241119/xtensa-esp-elf/bin/../lib/gcc/xtensa-esp-elf/14.2.0/../../../../xtensa-esp-elf/include/c++/14.2.0/backward]
    add: [/home/sulicat/.espressif/tools/xtensa-esp-elf/esp-14.2.0_20241119/xtensa-esp-elf/bin/../lib/gcc/xtensa-esp-elf/14.2.0/include]
    add: [/home/sulicat/.espressif/tools/xtensa-esp-elf/esp-14.2.0_20241119/xtensa-esp-elf/bin/../lib/gcc/xtensa-esp-elf/14.2.0/include-fixed]
    add: [/home/sulicat/.espressif/tools/xtensa-esp-elf/esp-14.2.0_20241119/xtensa-esp-elf/bin/../lib/gcc/xtensa-esp-elf/14.2.0/../../../../xtensa-esp-elf/include]
  end of search list found
  collapse include dir [/home/sulicat/.espressif/tools/xtensa-esp-elf/esp-14.2.0_20241119/xtensa-esp-elf/bin/../lib/gcc/xtensa-esp-elf/14.2.0/../../../../xtensa-esp-elf/include/c++/14.2.0] ==> [/home/sulicat/.espressif/tools/xtensa-esp-elf/esp-14.2.0_20241119/xtensa-esp-elf/xtensa-esp-elf/include/c++/14.2.0]
  collapse include dir [/home/sulicat/.espressif/tools/xtensa-esp-elf/esp-14.2.0_20241119/xtensa-esp-elf/bin/../lib/gcc/xtensa-esp-elf/14.2.0/../../../../xtensa-esp-elf/include/c++/14.2.0/xtensa-esp-elf/esp32s3] ==> [/home/sulicat/.espressif/tools/xtensa-esp-elf/esp-14.2.0_20241119/xtensa-esp-elf/xtensa-esp-elf/include/c++/14.2.0/xtensa-esp-elf/esp32s3]
  collapse include dir [/home/sulicat/.espressif/tools/xtensa-esp-elf/esp-14.2.0_20241119/xtensa-esp-elf/bin/../lib/gcc/xtensa-esp-elf/14.2.0/../../../../xtensa-esp-elf/include/c++/14.2.0/backward] ==> [/home/sulicat/.espressif/tools/xtensa-esp-elf/esp-14.2.0_20241119/xtensa-esp-elf/xtensa-esp-elf/include/c++/14.2.0/backward]
  collapse include dir [/home/sulicat/.espressif/tools/xtensa-esp-elf/esp-14.2.0_20241119/xtensa-esp-elf/bin/../lib/gcc/xtensa-esp-elf/14.2.0/include] ==> [/home/sulicat/.espressif/tools/xtensa-esp-elf/esp-14.2.0_20241119/xtensa-esp-elf/lib/gcc/xtensa-esp-elf/14.2.0/include]
  collapse include dir [/home/sulicat/.espressif/tools/xtensa-esp-elf/esp-14.2.0_20241119/xtensa-esp-elf/bin/../lib/gcc/xtensa-esp-elf/14.2.0/include-fixed] ==> [/home/sulicat/.espressif/tools/xtensa-esp-elf/esp-14.2.0_20241119/xtensa-esp-elf/lib/gcc/xtensa-esp-elf/14.2.0/include-fixed]
  collapse include dir [/home/sulicat/.espressif/tools/xtensa-esp-elf/esp-14.2.0_20241119/xtensa-esp-elf/bin/../lib/gcc/xtensa-esp-elf/14.2.0/../../../../xtensa-esp-elf/include] ==> [/home/sulicat/.espressif/tools/xtensa-esp-elf/esp-14.2.0_20241119/xtensa-esp-elf/xtensa-esp-elf/include]
  implicit include dirs: [/home/sulicat/.espressif/tools/xtensa-esp-elf/esp-14.2.0_20241119/xtensa-esp-elf/xtensa-esp-elf/include/c++/14.2.0;/home/sulicat/.espressif/tools/xtensa-esp-elf/esp-14.2.0_20241119/xtensa-esp-elf/xtensa-esp-elf/include/c++/14.2.0/xtensa-esp-elf/esp32s3;/home/sulicat/.espressif/tools/xtensa-esp-elf/esp-14.2.0_20241119/xtensa-esp-elf/xtensa-esp-elf/include/c++/14.2.0/backward;/home/sulicat/.espressif/tools/xtensa-esp-elf/esp-14.2.0_20241119/xtensa-esp-elf/lib/gcc/xtensa-esp-elf/14.2.0/include;/home/sulicat/.espressif/tools/xtensa-esp-elf/esp-14.2.0_20241119/xtensa-esp-elf/lib/gcc/xtensa-esp-elf/14.2.0/include-fixed;/home/sulicat/.espressif/tools/xtensa-esp-elf/esp-14.2.0_20241119/xtensa-esp-elf/xtensa-esp-elf/include]


Parsed CXX implicit link information from above output:
  link line regex: [^( *|.*[/\])(xtensa-esp32s3-elf-ld|CMAKE_LINK_STARTFILE-NOTFOUND|([^/\]+-)?ld|collect2)[^/\]*( |$)]
  ignore line: [Change Dir: /home/sulicat/git/hardware/ReMapper/software/ESP32/ReMapper/build/CMakeFiles/CMakeTmp]
  ignore line: []
  ignore line: [Run Build Command(s):/usr/bin/ninja cmTC_6b7b8 && [1/2] Building CXX object CMakeFiles/cmTC_6b7b8.dir/CMakeCXXCompilerABI.cpp.obj]
  ignore line: [Using built-in specs.]
  ignore line: [COLLECT_GCC=/home/sulicat/.espressif/tools/xtensa-esp-elf/esp-14.2.0_20241119/xtensa-esp-elf/bin/xtensa-esp-elf-g++]
  ignore line: [Target: xtensa-esp-elf]
  ignore line: [Configured with: /builds/idf/crosstool-NG/.build/xtensa-esp-elf/src/gcc/configure --build=x86_64-build_pc-linux-gnu --host=x86_64-build_pc-linux-gnu --target=xtensa-esp-elf --prefix=/builds/idf/crosstool-NG/builds/xtensa-esp-elf --exec_prefix=/builds/idf/crosstool-NG/builds/xtensa-esp-elf --with-local-prefix=/builds/idf/crosstool-NG/builds/xtensa-esp-elf/xtensa-esp-elf --with-sysroot=/builds/idf/crosstool-NG/builds/xtensa-esp-elf/xtensa-esp-elf --with-native-system-header-dir=/include --with-newlib --enable-threads=no --disable-shared --with-pkgversion='crosstool-NG esp-14.2.0_20241119' --disable-__cxa_atexit --enable-cxx-flags=-ffunction-sections --disable-libgomp --disable-libmudflap --disable-libmpx --disable-libssp --disable-libquadmath --disable-libquadmath-support --disable-libstdcxx-verbose --with-gmp=/builds/idf/crosstool-NG/.build/xtensa-esp-elf/buildtools --with-mpfr=/builds/idf/crosstool-NG/.build/xtensa-esp-elf/buildtools --with-mpc=/builds/idf/crosstool-NG/.build/xtensa-esp-elf/buildtools --with-isl=/builds/idf/crosstool-NG/.build/xtensa-esp-elf/buildtools --enable-lto --enable-target-optspace --without-long-double-128 --disable-nls --enable-multiarch --enable-languages=c c++ --disable-libstdcxx-verbose --enable-threads=posix --enable-gcov-custom-rtio --enable-libstdcxx-time=yes]
  ignore line: [Thread model: posix]
  ignore line: [Supported LTO compression algorithms: zlib zstd]
  ignore line: [gcc version 14.2.0 (crosstool-NG esp-14.2.0_20241119) ]
  ignore line: [COLLECT_GCC_OPTIONS='-mdynconfig=xtensa_esp32s3.so' '-mlongcalls' '-fno-builtin-memcpy' '-fno-builtin-memset' '-fno-builtin-bzero' '-fno-builtin-stpcpy' '-fno-builtin-strncpy' '-v' '-o' 'CMakeFiles/cmTC_6b7b8.dir/CMakeCXXCompilerABI.cpp.obj' '-c' '-dumpdir' 'CMakeFiles/cmTC_6b7b8.dir/']
  ignore line: [ /home/sulicat/.espressif/tools/xtensa-esp-elf/esp-14.2.0_20241119/xtensa-esp-elf/bin/../libexec/gcc/xtensa-esp-elf/14.2.0/cc1plus -quiet -v -imultilib esp32s3 -iprefix /home/sulicat/.espressif/tools/xtensa-esp-elf/esp-14.2.0_20241119/xtensa-esp-elf/bin/../lib/gcc/xtensa-esp-elf/14.2.0/ -isysroot /home/sulicat/.espressif/tools/xtensa-esp-elf/esp-14.2.0_20241119/xtensa-esp-elf/bin/../xtensa-esp-elf /usr/share/cmake-3.22/Modules/CMakeCXXCompilerABI.cpp -quiet -dumpdir CMakeFiles/cmTC_6b7b8.dir/ -dumpbase CMakeCXXCompilerABI.cpp.cpp -dumpbase-ext .cpp -mdynconfig=xtensa_esp32s3.so -mlongcalls -version -fno-builtin-memcpy -fno-builtin-memset -fno-builtin-bzero -fno-builtin-stpcpy -fno-builtin-strncpy -o /tmp/ccvZjGtC.s]
  ignore line: [GNU C++17 (crosstool-NG esp-14.2.0_20241119) version 14.2.0 (xtensa-esp-elf)]
  ignore line: [	compiled by GNU C version 4.9.2  GMP version 6.2.1  MPFR version 4.2.1  MPC version 1.2.1  isl version isl-0.26-GMP]
  ignore line: []
  ignore line: [GGC heuristics: --param ggc-min-expand=100 --param ggc-min-heapsize=131072]
  ignore line: [ignoring duplicate directory "/home/sulicat/.espressif/tools/xtensa-esp-elf/esp-14.2.0_20241119/xtensa-esp-elf/bin/../lib/gcc/../../lib/gcc/xtensa-esp-elf/14.2.0/../../../../xtensa-esp-elf/include/c++/14.2.0"]
  ignore line: [ignoring duplicate directory "/home/sulicat/.espressif/tools/xtensa-esp-elf/esp-14.2.0_20241119/xtensa-esp-elf/bin/../lib/gcc/../../lib/gcc/xtensa-esp-elf/14.2.0/../../../../xtensa-esp-elf/include/c++/14.2.0/xtensa-esp-elf/esp32s3"]
  ignore line: [ignoring duplicate directory "/home/sulicat/.espressif/tools/xtensa-esp-elf/esp-14.2.0_20241119/xtensa-esp-elf/bin/../lib/gcc/../../lib/gcc/xtensa-esp-elf/14.2.0/../../../../xtensa-esp-elf/include/c++/14.2.0/backward"]
  ignore line: [ignoring duplicate directory "/home/sulicat/.espressif/tools/xtensa-esp-elf/esp-14.2.0_20241119/xtensa-esp-elf/bin/../lib/gcc/../../lib/gcc/xtensa-esp-elf/14.2.0/include"]
  ignore line: [ignoring nonexistent directory "/home/sulicat/.espressif/tools/xtensa-esp-elf/esp-14.2.0_20241119/xtensa-esp-elf/bin/../xtensa-esp-elf/builds/idf/crosstool-NG/builds/xtensa-esp-elf/xtensa-esp-elf/include"]
  ignore line: [ignoring duplicate directory "/home/sulicat/.espressif/tools/xtensa-esp-elf/esp-14.2.0_20241119/xtensa-esp-elf/bin/../lib/gcc/../../lib/gcc/xtensa-esp-elf/14.2.0/include-fixed"]
  ignore line: [ignoring duplicate directory "/home/sulicat/.espressif/tools/xtensa-esp-elf/esp-14.2.0_20241119/xtensa-esp-elf/bin/../lib/gcc/../../lib/gcc/xtensa-esp-elf/14.2.0/../../../../xtensa-esp-elf/include"]
  ignore line: [ignoring duplicate directory "/home/sulicat/.espressif/tools/xtensa-esp-elf/esp-14.2.0_20241119/xtensa-esp-elf/bin/../xtensa-esp-elf/include"]
  ignore line: [#include "..." search starts here:]
  ignore line: [#include <...> search starts here:]
  ignore line: [ /home/sulicat/.espressif/tools/xtensa-esp-elf/esp-14.2.0_20241119/xtensa-esp-elf/bin/../lib/gcc/xtensa-esp-elf/14.2.0/../../../../xtensa-esp-elf/include/c++/14.2.0]
  ignore line: [ /home/sulicat/.espressif/tools/xtensa-esp-elf/esp-14.2.0_20241119/xtensa-esp-elf/bin/../lib/gcc/xtensa-esp-elf/14.2.0/../../../../xtensa-esp-elf/include/c++/14.2.0/xtensa-esp-elf/esp32s3]
  ignore line: [ /home/sulicat/.espressif/tools/xtensa-esp-elf/esp-14.2.0_20241119/xtensa-esp-elf/bin/../lib/gcc/xtensa-esp-elf/14.2.0/../../../../xtensa-esp-elf/include/c++/14.2.0/backward]
  ignore line: [ /home/sulicat/.espressif/tools/xtensa-esp-elf/esp-14.2.0_20241119/xtensa-esp-elf/bin/../lib/gcc/xtensa-esp-elf/14.2.0/include]
  ignore line: [ /home/sulicat/.espressif/tools/xtensa-esp-elf/esp-14.2.0_20241119/xtensa-esp-elf/bin/../lib/gcc/xtensa-esp-elf/14.2.0/include-fixed]
  ignore line: [ /home/sulicat/.espressif/tools/xtensa-esp-elf/esp-14.2.0_20241119/xtensa-esp-elf/bin/../lib/gcc/xtensa-esp-elf/14.2.0/../../../../xtensa-esp-elf/include]
  ignore line: [End of search list.]
  ignore line: [Compiler executable checksum: 00a0abec3a35f1fd29e56d9fb54b091a]
  ignore line: [COLLECT_GCC_OPTIONS='-mdynconfig=xtensa_esp32s3.so' '-mlongcalls' '-fno-builtin-memcpy' '-fno-builtin-memset' '-fno-builtin-bzero' '-fno-builtin-stpcpy' '-fno-builtin-strncpy' '-v' '-o' 'CMakeFiles/cmTC_6b7b8.dir/CMakeCXXCompilerABI.cpp.obj' '-c' '-dumpdir' 'CMakeFiles/cmTC_6b7b8.dir/']
  ignore line: [ /home/sulicat/.espressif/tools/xtensa-esp-elf/esp-14.2.0_20241119/xtensa-esp-elf/bin/../lib/gcc/xtensa-esp-elf/14.2.0/../../../../xtensa-esp-elf/bin/as --traditional-format --longcalls --dynconfig=xtensa_esp32s3.so -o CMakeFiles/cmTC_6b7b8.dir/CMakeCXXCompilerABI.cpp.obj /tmp/ccvZjGtC.s]
  ignore line: [COMPILER_PATH=/home/sulicat/.espressif/tools/xtensa-esp-elf/esp-14.2.0_20241119/xtensa-esp-elf/bin/../libexec/gcc/xtensa-esp-elf/14.2.0/:/home/sulicat/.espressif/tools/xtensa-esp-elf/esp-14.2.0_20241119/xtensa-esp-elf/bin/../libexec/gcc/:/home/sulicat/.espressif/tools/xtensa-esp-elf/esp-14.2.0_20241119/xtensa-esp-elf/bin/../lib/gcc/xtensa-esp-elf/14.2.0/../../../../xtensa-esp-elf/bin/]
  ignore line: [LIBRARY_PATH=/home/sulicat/.espressif/tools/xtensa-esp-elf/esp-14.2.0_20241119/xtensa-esp-elf/bin/../lib/gcc/xtensa-esp-elf/14.2.0/esp32s3/:/home/sulicat/.espressif/tools/xtensa-esp-elf/esp-14.2.0_20241119/xtensa-esp-elf/bin/../lib/gcc/xtensa-esp-elf/14.2.0/../../../../xtensa-esp-elf/lib/esp32s3/:/home/sulicat/.espressif/tools/xtensa-esp-elf/esp-14.2.0_20241119/xtensa-esp-elf/bin/../xtensa-esp-elf/lib/esp32s3/:/home/sulicat/.espressif/tools/xtensa-esp-elf/esp-14.2.0_20241119/xtensa-esp-elf/bin/../lib/gcc/xtensa-esp-elf/14.2.0/:/home/sulicat/.espressif/tools/xtensa-esp-elf/esp-14.2.0_20241119/xtensa-esp-elf/bin/../lib/gcc/:/home/sulicat/.espressif/tools/xtensa-esp-elf/esp-14.2.0_20241119/xtensa-esp-elf/bin/../lib/gcc/xtensa-esp-elf/14.2.0/../../../../xtensa-esp-elf/lib/:/home/sulicat/.espressif/tools/xtensa-esp-elf/esp-14.2.0_20241119/xtensa-esp-elf/bin/../xtensa-esp-elf/lib/:/home/sulicat/.espressif/tools/xtensa-esp-elf/esp-14.2.0_20241119/xtensa-esp-elf/bin/../xtensa-esp-elf/usr/lib/]
  ignore line: [COLLECT_GCC_OPTIONS='-mdynconfig=xtensa_esp32s3.so' '-mlongcalls' '-fno-builtin-memcpy' '-fno-builtin-memset' '-fno-builtin-bzero' '-fno-builtin-stpcpy' '-fno-builtin-strncpy' '-v' '-o' 'CMakeFiles/cmTC_6b7b8.dir/CMakeCXXCompilerABI.cpp.obj' '-c' '-dumpdir' 'CMakeFiles/cmTC_6b7b8.dir/CMakeCXXCompilerABI.cpp.']
  ignore line: [[2/2] Linking CXX executable cmTC_6b7b8]
  ignore line: [Using built-in specs.]
  ignore line: [COLLECT_GCC=/home/sulicat/.espressif/tools/xtensa-esp-elf/esp-14.2.0_20241119/xtensa-esp-elf/bin/xtensa-esp-elf-g++]
  ignore line: [COLLECT_LTO_WRAPPER=/home/sulicat/.espressif/tools/xtensa-esp-elf/esp-14.2.0_20241119/xtensa-esp-elf/bin/../libexec/gcc/xtensa-esp-elf/14.2.0/lto-wrapper]
  ignore line: [Target: xtensa-esp-elf]
  ignore line: [Configured with: /builds/idf/crosstool-NG/.build/xtensa-esp-elf/src/gcc/configure --build=x86_64-build_pc-linux-gnu --host=x86_64-build_pc-linux-gnu --target=xtensa-esp-elf --prefix=/builds/idf/crosstool-NG/builds/xtensa-esp-elf --exec_prefix=/builds/idf/crosstool-NG/builds/xtensa-esp-elf --with-local-prefix=/builds/idf/crosstool-NG/builds/xtensa-esp-elf/xtensa-esp-elf --with-sysroot=/builds/idf/crosstool-NG/builds/xtensa-esp-elf/xtensa-esp-elf --with-native-system-header-dir=/include --with-newlib --enable-threads=no --disable-shared --with-pkgversion='crosstool-NG esp-14.2.0_20241119' --disable-__cxa_atexit --enable-cxx-flags=-ffunction-sections --disable-libgomp --disable-libmudflap --disable-libmpx --disable-libssp --disable-libquadmath --disable-libquadmath-support --disable-libstdcxx-verbose --with-gmp=/builds/idf/crosstool-NG/.build/xtensa-esp-elf/buildtools --with-mpfr=/builds/idf/crosstool-NG/.build/xtensa-esp-elf/buildtools --with-mpc=/builds/idf/crosstool-NG/.build/xtensa-esp-elf/buildtools --with-isl=/builds/idf/crosstool-NG/.build/xtensa-esp-elf/buildtools --enable-lto --enable-target-optspace --without-long-double-128 --disable-nls --enable-multiarch --enable-languages=c c++ --disable-libstdcxx-verbose --enable-threads=posix --enable-gcov-custom-rtio --enable-libstdcxx-time=yes]
  ignore line: [Thread model: posix]
  ignore line: [Supported LTO compression algorithms: zlib zstd]
  ignore line: [gcc version 14.2.0 (crosstool-NG esp-14.2.0_20241119) ]
  ignore line: [COMPILER_PATH=/home/sulicat/.espressif/tools/xtensa-esp-elf/esp-14.2.0_20241119/xtensa-esp-elf/bin/../libexec/gcc/xtensa-esp-elf/14.2.0/:/home/sulicat/.espressif/tools/xtensa-esp-elf/esp-14.2.0_20241119/xtensa-esp-elf/bin/../libexec/gcc/:/home/sulicat/.espressif/tools/xtensa-esp-elf/esp-14.2.0_20241119/xtensa-esp-elf/bin/../lib/gcc/xtensa-esp-elf/14.2.0/../../../../xtensa-esp-elf/bin/]
  ignore line: [LIBRARY_PATH=/home/sulicat/.espressif/tools/xtensa-esp-elf/esp-14.2.0_20241119/xtensa-esp-elf/bin/../lib/gcc/xtensa-esp-elf/14.2.0/esp32s3/:/home/sulicat/.espressif/tools/xtensa-esp-elf/esp-14.2.0_20241119/xtensa-esp-elf/bin/../lib/gcc/xtensa-esp-elf/14.2.0/../../../../xtensa-esp-elf/lib/esp32s3/:/home/sulicat/.espressif/tools/xtensa-esp-elf/esp-14.2.0_20241119/xtensa-esp-elf/bin/../xtensa-esp-elf/lib/esp32s3/:/home/sulicat/.espressif/tools/xtensa-esp-elf/esp-14.2.0_20241119/xtensa-esp-elf/bin/../lib/gcc/xtensa-esp-elf/14.2.0/:/home/sulicat/.espressif/tools/xtensa-esp-elf/esp-14.2.0_20241119/xtensa-esp-elf/bin/../lib/gcc/:/home/sulicat/.espressif/tools/xtensa-esp-elf/esp-14.2.0_20241119/xtensa-esp-elf/bin/../lib/gcc/xtensa-esp-elf/14.2.0/../../../../xtensa-esp-elf/lib/:/home/sulicat/.espressif/tools/xtensa-esp-elf/esp-14.2.0_20241119/xtensa-esp-elf/bin/../xtensa-esp-elf/lib/:/home/sulicat/.espressif/tools/xtensa-esp-elf/esp-14.2.0_20241119/xtensa-esp-elf/bin/../xtensa-esp-elf/usr/lib/]
  ignore line: [COLLECT_GCC_OPTIONS='-mdynconfig=xtensa_esp32s3.so' '-mlongcalls' '-fno-builtin-memcpy' '-fno-builtin-memset' '-fno-builtin-bzero' '-fno-builtin-stpcpy' '-fno-builtin-strncpy' '-nostartfiles' '-v' '-o' 'cmTC_6b7b8' '-dumpdir' 'cmTC_6b7b8.']
  link line: [ /home/sulicat/.espressif/tools/xtensa-esp-elf/esp-14.2.0_20241119/xtensa-esp-elf/bin/../libexec/gcc/xtensa-esp-elf/14.2.0/collect2 -plugin /home/sulicat/.espressif/tools/xtensa-esp-elf/esp-14.2.0_20241119/xtensa-esp-elf/bin/../libexec/gcc/xtensa-esp-elf/14.2.0/liblto_plugin.so -plugin-opt=/home/sulicat/.espressif/tools/xtensa-esp-elf/esp-14.2.0_20241119/xtensa-esp-elf/bin/../libexec/gcc/xtensa-esp-elf/14.2.0/lto-wrapper -plugin-opt=-fresolution=/tmp/cc2o9m52.res -plugin-opt=-pass-through=-lgcc -plugin-opt=-pass-through=-lc -plugin-opt=-pass-through=-lnosys -plugin-opt=-pass-through=-lc -plugin-opt=-pass-through=-lgcc --sysroot=/home/sulicat/.espressif/tools/xtensa-esp-elf/esp-14.2.0_20241119/xtensa-esp-elf/bin/../xtensa-esp-elf --dynconfig=xtensa_esp32s3.so -o cmTC_6b7b8 -L/home/sulicat/.espressif/tools/xtensa-esp-elf/esp-14.2.0_20241119/xtensa-esp-elf/bin/../lib/gcc/xtensa-esp-elf/14.2.0/esp32s3 -L/home/sulicat/.espressif/tools/xtensa-esp-elf/esp-14.2.0_20241119/xtensa-esp-elf/bin/../lib/gcc/xtensa-esp-elf/14.2.0/../../../../xtensa-esp-elf/lib/esp32s3 -L/home/sulicat/.espressif/tools/xtensa-esp-elf/esp-14.2.0_20241119/xtensa-esp-elf/bin/../xtensa-esp-elf/lib/esp32s3 -L/home/sulicat/.espressif/tools/xtensa-esp-elf/esp-14.2.0_20241119/xtensa-esp-elf/bin/../lib/gcc/xtensa-esp-elf/14.2.0 -L/home/sulicat/.espressif/tools/xtensa-esp-elf/esp-14.2.0_20241119/xtensa-esp-elf/bin/../lib/gcc -L/home/sulicat/.espressif/tools/xtensa-esp-elf/esp-14.2.0_20241119/xtensa-esp-elf/bin/../lib/gcc/xtensa-esp-elf/14.2.0/../../../../xtensa-esp-elf/lib -L/home/sulicat/.espressif/tools/xtensa-esp-elf/esp-14.2.0_20241119/xtensa-esp-elf/bin/../xtensa-esp-elf/lib -L/home/sulicat/.espressif/tools/xtensa-esp-elf/esp-14.2.0_20241119/xtensa-esp-elf/bin/../xtensa-esp-elf/usr/lib CMakeFiles/cmTC_6b7b8.dir/CMakeCXXCompilerABI.cpp.obj -lstdc++ -lm -lgcc -lc -lnosys -lc -lgcc]
    arg [/home/sulicat/.espressif/tools/xtensa-esp-elf/esp-14.2.0_20241119/xtensa-esp-elf/bin/../libexec/gcc/xtensa-esp-elf/14.2.0/collect2] ==> ignore
    arg [-plugin] ==> ignore
    arg [/home/sulicat/.espressif/tools/xtensa-esp-elf/esp-14.2.0_20241119/xtensa-esp-elf/bin/../libexec/gcc/xtensa-esp-elf/14.2.0/liblto_plugin.so] ==> ignore
    arg [-plugin-opt=/home/sulicat/.espressif/tools/xtensa-esp-elf/esp-14.2.0_20241119/xtensa-esp-elf/bin/../libexec/gcc/xtensa-esp-elf/14.2.0/lto-wrapper] ==> ignore
    arg [-plugin-opt=-fresolution=/tmp/cc2o9m52.res] ==> ignore
    arg [-plugin-opt=-pass-through=-lgcc] ==> ignore
    arg [-plugin-opt=-pass-through=-lc] ==> ignore
    arg [-plugin-opt=-pass-through=-lnosys] ==> ignore
    arg [-plugin-opt=-pass-through=-lc] ==> ignore
    arg [-plugin-opt=-pass-through=-lgcc] ==> ignore
    arg [--sysroot=/home/sulicat/.espressif/tools/xtensa-esp-elf/esp-14.2.0_20241119/xtensa-esp-elf/bin/../xtensa-esp-elf] ==> ignore
    arg [--dynconfig=xtensa_esp32s3.so] ==> ignore
    arg [-o] ==> ignore
    arg [cmTC_6b7b8] ==> ignore
    arg [-L/home/sulicat/.espressif/tools/xtensa-esp-elf/esp-14.2.0_20241119/xtensa-esp-elf/bin/../lib/gcc/xtensa-esp-elf/14.2.0/esp32s3] ==> dir [/home/sulicat/.espressif/tools/xtensa-esp-elf/esp-14.2.0_20241119/xtensa-esp-elf/bin/../lib/gcc/xtensa-esp-elf/14.2.0/esp32s3]
    arg [-L/home/sulicat/.espressif/tools/xtensa-esp-elf/esp-14.2.0_20241119/xtensa-esp-elf/bin/../lib/gcc/xtensa-esp-elf/14.2.0/../../../../xtensa-esp-elf/lib/esp32s3] ==> dir [/home/sulicat/.espressif/tools/xtensa-esp-elf/esp-14.2.0_20241119/xtensa-esp-elf/bin/../lib/gcc/xtensa-esp-elf/14.2.0/../../../../xtensa-esp-elf/lib/esp32s3]
    arg [-L/home/sulicat/.espressif/tools/xtensa-esp-elf/esp-14.2.0_20241119/xtensa-esp-elf/bin/../xtensa-esp-elf/lib/esp32s3] ==> dir [/home/sulicat/.espressif/tools/xtensa-esp-elf/esp-14.2.0_20241119/xtensa-esp-elf/bin/../xtensa-esp-elf/lib/esp32s3]
    arg [-L/home/sulicat/.espressif/tools/xtensa-esp-elf/esp-14.2.0_20241119/xtensa-esp-elf/bin/../lib/gcc/xtensa-esp-elf/14.2.0] ==> dir [/home/sulicat/.espressif/tools/xtensa-esp-elf/esp-14.2.0_20241119/xtensa-esp-elf/bin/../lib/gcc/xtensa-esp-elf/14.2.0]
    arg [-L/home/sulicat/.espressif/tools/xtensa-esp-elf/esp-14.2.0_20241119/xtensa-esp-elf/bin/../lib/gcc] ==> dir [/home/sulicat/.espressif/tools/xtensa-esp-elf/esp-14.2.0_20241119/xtensa-esp-elf/bin/../lib/gcc]
    arg [-L/home/sulicat/.espressif/tools/xtensa-esp-elf/esp-14.2.0_20241119/xtensa-esp-elf/bin/../lib/gcc/xtensa-esp-elf/14.2.0/../../../../xtensa-esp-elf/lib] ==> dir [/home/sulicat/.espressif/tools/xtensa-esp-elf/esp-14.2.0_20241119/xtensa-esp-elf/bin/../lib/gcc/xtensa-esp-elf/14.2.0/../../../../xtensa-esp-elf/lib]
    arg [-L/home/sulicat/.espressif/tools/xtensa-esp-elf/esp-14.2.0_20241119/xtensa-esp-elf/bin/../xtensa-esp-elf/lib] ==> dir [/home/sulicat/.espressif/tools/xtensa-esp-elf/esp-14.2.0_20241119/xtensa-esp-elf/bin/../xtensa-esp-elf/lib]
    arg [-L/home/sulicat/.espressif/tools/xtensa-esp-elf/esp-14.2.0_20241119/xtensa-esp-elf/bin/../xtensa-esp-elf/usr/lib] ==> dir [/home/sulicat/.espressif/tools/xtensa-esp-elf/esp-14.2.0_20241119/xtensa-esp-elf/bin/../xtensa-esp-elf/usr/lib]
    arg [CMakeFiles/cmTC_6b7b8.dir/CMakeCXXCompilerABI.cpp.obj] ==> ignore
    arg [-lstdc++] ==> lib [stdc++]
    arg [-lm] ==> lib [m]
    arg [-lgcc] ==> lib [gcc]
    arg [-lc] ==> lib [c]
    arg [-lnosys] ==> lib [nosys]
    arg [-lc] ==> lib [c]
    arg [-lgcc] ==> lib [gcc]
  collapse library dir [/home/sulicat/.espressif/tools/xtensa-esp-elf/esp-14.2.0_20241119/xtensa-esp-elf/bin/../lib/gcc/xtensa-esp-elf/14.2.0/esp32s3] ==> [/home/sulicat/.espressif/tools/xtensa-esp-elf/esp-14.2.0_20241119/xtensa-esp-elf/lib/gcc/xtensa-esp-elf/14.2.0/esp32s3]
  collapse library dir [/home/sulicat/.espressif/tools/xtensa-esp-elf/esp-14.2.0_20241119/xtensa-esp-elf/bin/../lib/gcc/xtensa-esp-elf/14.2.0/../../../../xtensa-esp-elf/lib/esp32s3] ==> [/home/sulicat/.espressif/tools/xtensa-esp-elf/esp-14.2.0_20241119/xtensa-esp-elf/xtensa-esp-elf/lib/esp32s3]
  collapse library dir [/home/sulicat/.espressif/tools/xtensa-esp-elf/esp-14.2.0_20241119/xtensa-esp-elf/bin/../xtensa-esp-elf/lib/esp32s3] ==> [/home/sulicat/.espressif/tools/xtensa-esp-elf/esp-14.2.0_20241119/xtensa-esp-elf/xtensa-esp-elf/lib/esp32s3]
  collapse library dir [/home/sulicat/.espressif/tools/xtensa-esp-elf/esp-14.2.0_20241119/xtensa-esp-elf/bin/../lib/gcc/xtensa-esp-elf/14.2.0] ==> [/home/sulicat/.espressif/tools/xtensa-esp-elf/esp-14.2.0_20241119/xtensa-esp-elf/lib/gcc/xtensa-esp-elf/14.2.0]
  collapse library dir [/home/sulicat/.espressif/tools/xtensa-esp-elf/esp-14.2.0_20241119/xtensa-esp-elf/bin/../lib/gcc] ==> [/home/sulicat/.espressif/tools/xtensa-esp-elf/esp-14.2.0_20241119/xtensa-esp-elf/lib/gcc]
  collapse library dir [/home/sulicat/.espressif/tools/xtensa-esp-elf/esp-14.2.0_20241119/xtensa-esp-elf/bin/../lib/gcc/xtensa-esp-elf/14.2.0/../../../../xtensa-esp-elf/lib] ==> [/home/sulicat/.espressif/tools/xtensa-esp-elf/esp-14.2.0_20241119/xtensa-esp-elf/xtensa-esp-elf/lib]
  collapse library dir [/home/sulicat/.espressif/tools/xtensa-esp-elf/esp-14.2.0_20241119/xtensa-esp-elf/bin/../xtensa-esp-elf/lib] ==> [/home/sulicat/.espressif/tools/xtensa-esp-elf/esp-14.2.0_20241119/xtensa-esp-elf/xtensa-esp-elf/lib]
  collapse library dir [/home/sulicat/.espressif/tools/xtensa-esp-elf/esp-14.2.0_20241119/xtensa-esp-elf/bin/../xtensa-esp-elf/usr/lib] ==> [/home/sulicat/.espressif/tools/xtensa-esp-elf/esp-14.2.0_20241119/xtensa-esp-elf/xtensa-esp-elf/usr/lib]
  implicit libs: [stdc++;m;gcc;c;nosys;c;gcc]
  implicit objs: []
  implicit dirs: [/home/sulicat/.espressif/tools/xtensa-esp-elf/esp-14.2.0_20241119/xtensa-esp-elf/lib/gcc/xtensa-esp-elf/14.2.0/esp32s3;/home/sulicat/.espressif/tools/xtensa-esp-elf/esp-14.2.0_20241119/xtensa-esp-elf/xtensa-esp-elf/lib/esp32s3;/home/sulicat/.espressif/tools/xtensa-esp-elf/esp-14.2.0_20241119/xtensa-esp-elf/lib/gcc/xtensa-esp-elf/14.2.0;/home/sulicat/.espressif/tools/xtensa-esp-elf/esp-14.2.0_20241119/xtensa-esp-elf/lib/gcc;/home/sulicat/.espressif/tools/xtensa-esp-elf/esp-14.2.0_20241119/xtensa-esp-elf/xtensa-esp-elf/lib;/home/sulicat/.espressif/tools/xtensa-esp-elf/esp-14.2.0_20241119/xtensa-esp-elf/xtensa-esp-elf/usr/lib]
  implicit fwks: []


Determining if the include file pthread.h exists passed with the following output:
Change Dir: /home/sulicat/git/hardware/ReMapper/software/ESP32/ReMapper/build/CMakeFiles/CMakeTmp

Run Build Command(s):/usr/bin/ninja cmTC_1059b && [1/2] Building C object CMakeFiles/cmTC_1059b.dir/CheckIncludeFile.c.obj
[2/2] Linking C executable cmTC_1059b
/home/sulicat/.espressif/tools/xtensa-esp-elf/esp-14.2.0_20241119/xtensa-esp-elf/bin/../lib/gcc/xtensa-esp-elf/14.2.0/../../../../xtensa-esp-elf/bin/ld: warning: cannot find entry symbol _start; defaulting to 00400054



Performing C SOURCE FILE Test CMAKE_HAVE_LIBC_PTHREAD succeeded with the following output:
Change Dir: /home/sulicat/git/hardware/ReMapper/software/ESP32/ReMapper/build/CMakeFiles/CMakeTmp

Run Build Command(s):/usr/bin/ninja cmTC_57381 && [1/2] Building C object CMakeFiles/cmTC_57381.dir/src.c.obj
[2/2] Linking C executable cmTC_57381
/home/sulicat/.espressif/tools/xtensa-esp-elf/esp-14.2.0_20241119/xtensa-esp-elf/bin/../lib/gcc/xtensa-esp-elf/14.2.0/../../../../xtensa-esp-elf/bin/ld: CMakeFiles/cmTC_57381.dir/src.c.obj:(.literal+0x14): warning: pthread_atfork is not implemented and will always fail
/home/sulicat/.espressif/tools/xtensa-esp-elf/esp-14.2.0_20241119/xtensa-esp-elf/bin/../lib/gcc/xtensa-esp-elf/14.2.0/../../../../xtensa-esp-elf/bin/ld: CMakeFiles/cmTC_57381.dir/src.c.obj:(.literal+0xc): warning: pthread_cancel is not implemented and will always fail
/home/sulicat/.espressif/tools/xtensa-esp-elf/esp-14.2.0_20241119/xtensa-esp-elf/bin/../lib/gcc/xtensa-esp-elf/14.2.0/../../../../xtensa-esp-elf/bin/ld: CMakeFiles/cmTC_57381.dir/src.c.obj:(.literal+0x4): warning: pthread_create is not implemented and will always fail
/home/sulicat/.espressif/tools/xtensa-esp-elf/esp-14.2.0_20241119/xtensa-esp-elf/bin/../lib/gcc/xtensa-esp-elf/14.2.0/../../../../xtensa-esp-elf/bin/ld: CMakeFiles/cmTC_57381.dir/src.c.obj:(.literal+0x8): warning: pthread_detach is not implemented and will always fail
/home/sulicat/.espressif/tools/xtensa-esp-elf/esp-14.2.0_20241119/xtensa-esp-elf/bin/../lib/gcc/xtensa-esp-elf/14.2.0/../../../../xtensa-esp-elf/bin/ld: CMakeFiles/cmTC_57381.dir/src.c.obj:(.literal+0x18): warning: pthread_exit is not implemented and will always fail
/home/sulicat/.espressif/tools/xtensa-esp-elf/esp-14.2.0_20241119/xtensa-esp-elf/bin/../lib/gcc/xtensa-esp-elf/14.2.0/../../../../xtensa-esp-elf/bin/ld: CMakeFiles/cmTC_57381.dir/src.c.obj:(.literal+0x10): warning: pthread_join is not implemented and will always fail
/home/sulicat/.espressif/tools/xtensa-esp-elf/esp-14.2.0_20241119/xtensa-esp-elf/bin/../lib/gcc/xtensa-esp-elf/14.2.0/../../../../xtensa-esp-elf/bin/ld: warning: cannot find entry symbol _start; defaulting to 00400054


Source file was:
#include <pthread.h>

static void* test_func(void* data)
{
  return data;
}

int main(void)
{
  pthread_t thread;
  pthread_create(&thread, NULL, test_func, NULL);
  pthread_detach(thread);
  pthread_cancel(thread);
  pthread_join(thread, NULL);
  pthread_atfork(NULL, NULL, NULL);
  pthread_exit(NULL);

  return 0;
}

Performing C SOURCE FILE Test C_COMPILER_SUPPORTS_WFORMAT_SIGNEDNESS succeeded with the following output:
Change Dir: /home/sulicat/git/hardware/ReMapper/software/ESP32/ReMapper/build/CMakeFiles/CMakeTmp

Run Build Command(s):/usr/bin/ninja cmTC_8bce2 && [1/2] Building C object CMakeFiles/cmTC_8bce2.dir/src.c.obj
[2/2] Linking C executable cmTC_8bce2
/home/sulicat/.espressif/tools/xtensa-esp-elf/esp-14.2.0_20241119/xtensa-esp-elf/bin/../lib/gcc/xtensa-esp-elf/14.2.0/../../../../xtensa-esp-elf/bin/ld: warning: cannot find entry symbol _start; defaulting to 00400054


Source file was:
int main(void) { return 0; }
The target system is: Generic -  - 
The host system is: Linux - 6.8.0-60-generic - x86_64
Compiling the C compiler identification source file "CMakeCCompilerId.c" succeeded.
Compiler: /home/sulicat/.espressif/tools/xtensa-esp-elf/esp-14.2.0_20241119/xtensa-esp-elf/bin/xtensa-esp32s3-elf-gcc 
Build flags: -mlongcalls;;-fno-builtin-memcpy;-fno-builtin-memset;-fno-builtin-bzero;-fno-builtin-stpcpy;-fno-builtin-strncpy
Id flags:  

The output was:
0


Compilation of the C compiler identification source "CMakeCCompilerId.c" produced "a.out"

The C compiler identification is GNU, found in "/home/sulicat/git/hardware/ReMapper/software/ESP32/ReMapper/build/CMakeFiles/3.22.1/CompilerIdC/a.out"

Compiling the CXX compiler identification source file "CMakeCXXCompilerId.cpp" succeeded.
Compiler: /home/sulicat/.espressif/tools/xtensa-esp-elf/esp-14.2.0_20241119/xtensa-esp-elf/bin/xtensa-esp32s3-elf-g++ 
Build flags: -mlongcalls;;-fno-builtin-memcpy;-fno-builtin-memset;-fno-builtin-bzero;-fno-builtin-stpcpy;-fno-builtin-strncpy
Id flags:  

The output was:
0


Compilation of the CXX compiler identification source "CMakeCXXCompilerId.cpp" produced "a.out"

The CXX compiler identification is GNU, found in "/home/sulicat/git/hardware/ReMapper/software/ESP32/ReMapper/build/CMakeFiles/3.22.1/CompilerIdCXX/a.out"

Checking whether the ASM compiler is GNU using "--version" matched "(GNU assembler)|(GCC)|(Free Software Foundation)":
xtensa-esp-elf-gcc (crosstool-NG esp-14.2.0_20241119) 14.2.0
Copyright (C) 2024 Free Software Foundation, Inc.
This is free software; see the source for copying conditions.  There is NO
warranty; not even for MERCHANTABILITY or FITNESS FOR A PARTICULAR PURPOSE.

Detecting C compiler ABI info compiled with the following output:
Change Dir: /home/sulicat/git/hardware/ReMapper/software/ESP32/ReMapper/build/CMakeFiles/CMakeTmp

Run Build Command(s):/usr/bin/ninja cmTC_647e6 && [1/2] Building C object CMakeFiles/cmTC_647e6.dir/CMakeCCompilerABI.c.obj
Using built-in specs.
COLLECT_GCC=/home/sulicat/.espressif/tools/xtensa-esp-elf/esp-14.2.0_20241119/xtensa-esp-elf/bin/xtensa-esp-elf-gcc
Target: xtensa-esp-elf
Configured with: /builds/idf/crosstool-NG/.build/xtensa-esp-elf/src/gcc/configure --build=x86_64-build_pc-linux-gnu --host=x86_64-build_pc-linux-gnu --target=xtensa-esp-elf --prefix=/builds/idf/crosstool-NG/builds/xtensa-esp-elf --exec_prefix=/builds/idf/crosstool-NG/builds/xtensa-esp-elf --with-local-prefix=/builds/idf/crosstool-NG/builds/xtensa-esp-elf/xtensa-esp-elf --with-sysroot=/builds/idf/crosstool-NG/builds/xtensa-esp-elf/xtensa-esp-elf --with-native-system-header-dir=/include --with-newlib --enable-threads=no --disable-shared --with-pkgversion='crosstool-NG esp-14.2.0_20241119' --disable-__cxa_atexit --enable-cxx-flags=-ffunction-sections --disable-libgomp --disable-libmudflap --disable-libmpx --disable-libssp --disable-libquadmath --disable-libquadmath-support --disable-libstdcxx-verbose --with-gmp=/builds/idf/crosstool-NG/.build/xtensa-esp-elf/buildtools --with-mpfr=/builds/idf/crosstool-NG/.build/xtensa-esp-elf/buildtools --with-mpc=/builds/idf/crosstool-NG/.build/xtensa-esp-elf/buildtools --with-isl=/builds/idf/crosstool-NG/.build/xtensa-esp-elf/buildtools --enable-lto --enable-target-optspace --without-long-double-128 --disable-nls --enable-multiarch --enable-languages=c,c++ --disable-libstdcxx-verbose --enable-threads=posix --enable-gcov-custom-rtio --enable-libstdcxx-time=yes
Thread model: posix
Supported LTO compression algorithms: zlib zstd
gcc version 14.2.0 (crosstool-NG esp-14.2.0_20241119) 
COLLECT_GCC_OPTIONS='-mdynconfig=xtensa_esp32s3.so' '-mlongcalls' '-fno-builtin-memcpy' '-fno-builtin-memset' '-fno-builtin-bzero' '-fno-builtin-stpcpy' '-fno-builtin-strncpy' '-v' '-o' 'CMakeFiles/cmTC_647e6.dir/CMakeCCompilerABI.c.obj' '-c' '-dumpdir' 'CMakeFiles/cmTC_647e6.dir/'
 /home/sulicat/.espressif/tools/xtensa-esp-elf/esp-14.2.0_20241119/xtensa-esp-elf/bin/../libexec/gcc/xtensa-esp-elf/14.2.0/cc1 -quiet -v -imultilib esp32s3 -iprefix /home/sulicat/.espressif/tools/xtensa-esp-elf/esp-14.2.0_20241119/xtensa-esp-elf/bin/../lib/gcc/xtensa-esp-elf/14.2.0/ -isysroot /home/sulicat/.espressif/tools/xtensa-esp-elf/esp-14.2.0_20241119/xtensa-esp-elf/bin/../xtensa-esp-elf /usr/share/cmake-3.22/Modules/CMakeCCompilerABI.c -quiet -dumpdir CMakeFiles/cmTC_647e6.dir/ -dumpbase CMakeCCompilerABI.c.c -dumpbase-ext .c -mdynconfig=xtensa_esp32s3.so -mlongcalls -version -fno-builtin-memcpy -fno-builtin-memset -fno-builtin-bzero -fno-builtin-stpcpy -fno-builtin-strncpy -o /tmp/cce8Du5v.s
GNU C17 (crosstool-NG esp-14.2.0_20241119) version 14.2.0 (xtensa-esp-elf)
	compiled by GNU C version 4.9.2, GMP version 6.2.1, MPFR version 4.2.1, MPC version 1.2.1, isl version isl-0.26-GMP

GGC heuristics: --param ggc-min-expand=100 --param ggc-min-heapsize=131072
ignoring duplicate directory "/home/sulicat/.espressif/tools/xtensa-esp-elf/esp-14.2.0_20241119/xtensa-esp-elf/bin/../lib/gcc/../../lib/gcc/xtensa-esp-elf/14.2.0/include"
ignoring nonexistent directory "/home/sulicat/.espressif/tools/xtensa-esp-elf/esp-14.2.0_20241119/xtensa-esp-elf/bin/../xtensa-esp-elf/builds/idf/crosstool-NG/builds/xtensa-esp-elf/xtensa-esp-elf/include"
ignoring duplicate directory "/home/sulicat/.espressif/tools/xtensa-esp-elf/esp-14.2.0_20241119/xtensa-esp-elf/bin/../lib/gcc/../../lib/gcc/xtensa-esp-elf/14.2.0/include-fixed"
ignoring duplicate directory "/home/sulicat/.espressif/tools/xtensa-esp-elf/esp-14.2.0_20241119/xtensa-esp-elf/bin/../lib/gcc/../../lib/gcc/xtensa-esp-elf/14.2.0/../../../../xtensa-esp-elf/include"
ignoring duplicate directory "/home/sulicat/.espressif/tools/xtensa-esp-elf/esp-14.2.0_20241119/xtensa-esp-elf/bin/../xtensa-esp-elf/include"
#include "..." search starts here:
#include <...> search starts here:
 /home/sulicat/.espressif/tools/xtensa-esp-elf/esp-14.2.0_20241119/xtensa-esp-elf/bin/../lib/gcc/xtensa-esp-elf/14.2.0/include
 /home/sulicat/.espressif/tools/xtensa-esp-elf/esp-14.2.0_20241119/xtensa-esp-elf/bin/../lib/gcc/xtensa-esp-elf/14.2.0/include-fixed
 /home/sulicat/.espressif/tools/xtensa-esp-elf/esp-14.2.0_20241119/xtensa-esp-elf/bin/../lib/gcc/xtensa-esp-elf/14.2.0/../../../../xtensa-esp-elf/include
End of search list.
Compiler executable checksum: 81174f71db4416537376b4420f5c69fd
COLLECT_GCC_OPTIONS='-mdynconfig=xtensa_esp32s3.so' '-mlongcalls' '-fno-builtin-memcpy' '-fno-builtin-memset' '-fno-builtin-bzero' '-fno-builtin-stpcpy' '-fno-builtin-strncpy' '-v' '-o' 'CMakeFiles/cmTC_647e6.dir/CMakeCCompilerABI.c.obj' '-c' '-dumpdir' 'CMakeFiles/cmTC_647e6.dir/'
 /home/sulicat/.espressif/tools/xtensa-esp-elf/esp-14.2.0_20241119/xtensa-esp-elf/bin/../lib/gcc/xtensa-esp-elf/14.2.0/../../../../xtensa-esp-elf/bin/as --traditional-format --longcalls --dynconfig=xtensa_esp32s3.so -o CMakeFiles/cmTC_647e6.dir/CMakeCCompilerABI.c.obj /tmp/cce8Du5v.s
COMPILER_PATH=/home/sulicat/.espressif/tools/xtensa-esp-elf/esp-14.2.0_20241119/xtensa-esp-elf/bin/../libexec/gcc/xtensa-esp-elf/14.2.0/:/home/sulicat/.espressif/tools/xtensa-esp-elf/esp-14.2.0_20241119/xtensa-esp-elf/bin/../libexec/gcc/:/home/sulicat/.espressif/tools/xtensa-esp-elf/esp-14.2.0_20241119/xtensa-esp-elf/bin/../lib/gcc/xtensa-esp-elf/14.2.0/../../../../xtensa-esp-elf/bin/
LIBRARY_PATH=/home/sulicat/.espressif/tools/xtensa-esp-elf/esp-14.2.0_20241119/xtensa-esp-elf/bin/../lib/gcc/xtensa-esp-elf/14.2.0/esp32s3/:/home/sulicat/.espressif/tools/xtensa-esp-elf/esp-14.2.0_20241119/xtensa-esp-elf/bin/../lib/gcc/xtensa-esp-elf/14.2.0/../../../../xtensa-esp-elf/lib/esp32s3/:/home/sulicat/.espressif/tools/xtensa-esp-elf/esp-14.2.0_20241119/xtensa-esp-elf/bin/../xtensa-esp-elf/lib/esp32s3/:/home/sulicat/.espressif/tools/xtensa-esp-elf/esp-14.2.0_20241119/xtensa-esp-elf/bin/../lib/gcc/xtensa-esp-elf/14.2.0/:/home/sulicat/.espressif/tools/xtensa-esp-elf/esp-14.2.0_20241119/xtensa-esp-elf/bin/../lib/gcc/:/home/sulicat/.espressif/tools/xtensa-esp-elf/esp-14.2.0_20241119/xtensa-esp-elf/bin/../lib/gcc/xtensa-esp-elf/14.2.0/../../../../xtensa-esp-elf/lib/:/home/sulicat/.espressif/tools/xtensa-esp-elf/esp-14.2.0_20241119/xtensa-esp-elf/bin/../xtensa-esp-elf/lib/:/home/sulicat/.espressif/tools/xtensa-esp-elf/esp-14.2.0_20241119/xtensa-esp-elf/bin/../xtensa-esp-elf/usr/lib/
COLLECT_GCC_OPTIONS='-mdynconfig=xtensa_esp32s3.so' '-mlongcalls' '-fno-builtin-memcpy' '-fno-builtin-memset' '-fno-builtin-bzero' '-fno-builtin-stpcpy' '-fno-builtin-strncpy' '-v' '-o' 'CMakeFiles/cmTC_647e6.dir/CMakeCCompilerABI.c.obj' '-c' '-dumpdir' 'CMakeFiles/cmTC_647e6.dir/CMakeCCompilerABI.c.'
[2/2] Linking C executable cmTC_647e6
Using built-in specs.
COLLECT_GCC=/home/sulicat/.espressif/tools/xtensa-esp-elf/esp-14.2.0_20241119/xtensa-esp-elf/bin/xtensa-esp-elf-gcc
COLLECT_LTO_WRAPPER=/home/sulicat/.espressif/tools/xtensa-esp-elf/esp-14.2.0_20241119/xtensa-esp-elf/bin/../libexec/gcc/xtensa-esp-elf/14.2.0/lto-wrapper
Target: xtensa-esp-elf
Configured with: /builds/idf/crosstool-NG/.build/xtensa-esp-elf/src/gcc/configure --build=x86_64-build_pc-linux-gnu --host=x86_64-build_pc-linux-gnu --target=xtensa-esp-elf --prefix=/builds/idf/crosstool-NG/builds/xtensa-esp-elf --exec_prefix=/builds/idf/crosstool-NG/builds/xtensa-esp-elf --with-local-prefix=/builds/idf/crosstool-NG/builds/xtensa-esp-elf/xtensa-esp-elf --with-sysroot=/builds/idf/crosstool-NG/builds/xtensa-esp-elf/xtensa-esp-elf --with-native-system-header-dir=/include --with-newlib --enable-threads=no --disable-shared --with-pkgversion='crosstool-NG esp-14.2.0_20241119' --disable-__cxa_atexit --enable-cxx-flags=-ffunction-sections --disable-libgomp --disable-libmudflap --disable-libmpx --disable-libssp --disable-libquadmath --disable-libquadmath-support --disable-libstdcxx-verbose --with-gmp=/builds/idf/crosstool-NG/.build/xtensa-esp-elf/buildtools --with-mpfr=/builds/idf/crosstool-NG/.build/xtensa-esp-elf/buildtools --with-mpc=/builds/idf/crosstool-NG/.build/xtensa-esp-elf/buildtools --with-isl=/builds/idf/crosstool-NG/.build/xtensa-esp-elf/buildtools --enable-lto --enable-target-optspace --without-long-double-128 --disable-nls --enable-multiarch --enable-languages=c,c++ --disable-libstdcxx-verbose --enable-threads=posix --enable-gcov-custom-rtio --enable-libstdcxx-time=yes
Thread model: posix
Supported LTO compression algorithms: zlib zstd
gcc version 14.2.0 (crosstool-NG esp-14.2.0_20241119) 
COMPILER_PATH=/home/sulicat/.espressif/tools/xtensa-esp-elf/esp-14.2.0_20241119/xtensa-esp-elf/bin/../libexec/gcc/xtensa-esp-elf/14.2.0/:/home/sulicat/.espressif/tools/xtensa-esp-elf/esp-14.2.0_20241119/xtensa-esp-elf/bin/../libexec/gcc/:/home/sulicat/.espressif/tools/xtensa-esp-elf/esp-14.2.0_20241119/xtensa-esp-elf/bin/../lib/gcc/xtensa-esp-elf/14.2.0/../../../../xtensa-esp-elf/bin/
LIBRARY_PATH=/home/sulicat/.espressif/tools/xtensa-esp-elf/esp-14.2.0_20241119/xtensa-esp-elf/bin/../lib/gcc/xtensa-esp-elf/14.2.0/esp32s3/:/home/sulicat/.espressif/tools/xtensa-esp-elf/esp-14.2.0_20241119/xtensa-esp-elf/bin/../lib/gcc/xtensa-esp-elf/14.2.0/../../../../xtensa-esp-elf/lib/esp32s3/:/home/sulicat/.espressif/tools/xtensa-esp-elf/esp-14.2.0_20241119/xtensa-esp-elf/bin/../xtensa-esp-elf/lib/esp32s3/:/home/sulicat/.espressif/tools/xtensa-esp-elf/esp-14.2.0_20241119/xtensa-esp-elf/bin/../lib/gcc/xtensa-esp-elf/14.2.0/:/home/sulicat/.espressif/tools/xtensa-esp-elf/esp-14.2.0_20241119/xtensa-esp-elf/bin/../lib/gcc/:/home/sulicat/.espressif/tools/xtensa-esp-elf/esp-14.2.0_20241119/xtensa-esp-elf/bin/../lib/gcc/xtensa-esp-elf/14.2.0/../../../../xtensa-esp-elf/lib/:/home/sulicat/.espressif/tools/xtensa-esp-elf/esp-14.2.0_20241119/xtensa-esp-elf/bin/../xtensa-esp-elf/lib/:/home/sulicat/.espressif/tools/xtensa-esp-elf/esp-14.2.0_20241119/xtensa-esp-elf/bin/../xtensa-esp-elf/usr/lib/
COLLECT_GCC_OPTIONS='-mdynconfig=xtensa_esp32s3.so' '-mlongcalls' '-fno-builtin-memcpy' '-fno-builtin-memset' '-fno-builtin-bzero' '-fno-builtin-stpcpy' '-fno-builtin-strncpy' '-nostartfiles' '-v' '-o' 'cmTC_647e6' '-dumpdir' 'cmTC_647e6.'
 /home/sulicat/.espressif/tools/xtensa-esp-elf/esp-14.2.0_20241119/xtensa-esp-elf/bin/../libexec/gcc/xtensa-esp-elf/14.2.0/collect2 -plugin /home/sulicat/.espressif/tools/xtensa-esp-elf/esp-14.2.0_20241119/xtensa-esp-elf/bin/../libexec/gcc/xtensa-esp-elf/14.2.0/liblto_plugin.so -plugin-opt=/home/sulicat/.espressif/tools/xtensa-esp-elf/esp-14.2.0_20241119/xtensa-esp-elf/bin/../libexec/gcc/xtensa-esp-elf/14.2.0/lto-wrapper -plugin-opt=-fresolution=/tmp/cc1xyCri.res -plugin-opt=-pass-through=-lgcc -plugin-opt=-pass-through=-lc -plugin-opt=-pass-through=-lnosys -plugin-opt=-pass-through=-lc -plugin-opt=-pass-through=-lgcc --sysroot=/home/sulicat/.espressif/tools/xtensa-esp-elf/esp-14.2.0_20241119/xtensa-esp-elf/bin/../xtensa-esp-elf --dynconfig=xtensa_esp32s3.so -o cmTC_647e6 -L/home/sulicat/.espressif/tools/xtensa-esp-elf/esp-14.2.0_20241119/xtensa-esp-elf/bin/../lib/gcc/xtensa-esp-elf/14.2.0/esp32s3 -L/home/sulicat/.espressif/tools/xtensa-esp-elf/esp-14.2.0_20241119/xtensa-esp-elf/bin/../lib/gcc/xtensa-esp-elf/14.2.0/../../../../xtensa-esp-elf/lib/esp32s3 -L/home/sulicat/.espressif/tools/xtensa-esp-elf/esp-14.2.0_20241119/xtensa-esp-elf/bin/../xtensa-esp-elf/lib/esp32s3 -L/home/sulicat/.espressif/tools/xtensa-esp-elf/esp-14.2.0_20241119/xtensa-esp-elf/bin/../lib/gcc/xtensa-esp-elf/14.2.0 -L/home/sulicat/.espressif/tools/xtensa-esp-elf/esp-14.2.0_20241119/xtensa-esp-elf/bin/../lib/gcc -L/home/sulicat/.espressif/tools/xtensa-esp-elf/esp-14.2.0_20241119/xtensa-esp-elf/bin/../lib/gcc/xtensa-esp-elf/14.2.0/../../../../xtensa-esp-elf/lib -L/home/sulicat/.espressif/tools/xtensa-esp-elf/esp-14.2.0_20241119/xtensa-esp-elf/bin/../xtensa-esp-elf/lib -L/home/sulicat/.espressif/tools/xtensa-esp-elf/esp-14.2.0_20241119/xtensa-esp-elf/bin/../xtensa-esp-elf/usr/lib CMakeFiles/cmTC_647e6.dir/CMakeCCompilerABI.c.obj -lgcc -lc -lnosys -lc -lgcc
/home/sulicat/.espressif/tools/xtensa-esp-elf/esp-14.2.0_20241119/xtensa-esp-elf/bin/../lib/gcc/xtensa-esp-elf/14.2.0/../../../../xtensa-esp-elf/bin/ld: warning: cannot find entry symbol _start; defaulting to 00400054
COLLECT_GCC_OPTIONS='-mdynconfig=xtensa_esp32s3.so' '-mlongcalls' '-fno-builtin-memcpy' '-fno-builtin-memset' '-fno-builtin-bzero' '-fno-builtin-stpcpy' '-fno-builtin-strncpy' '-nostartfiles' '-v' '-o' 'cmTC_647e6' '-dumpdir' 'cmTC_647e6.'



Parsed C implicit include dir info from above output: rv=done
  found start of include info
  found start of implicit include info
    add: [/home/sulicat/.espressif/tools/xtensa-esp-elf/esp-14.2.0_20241119/xtensa-esp-elf/bin/../lib/gcc/xtensa-esp-elf/14.2.0/include]
    add: [/home/sulicat/.espressif/tools/xtensa-esp-elf/esp-14.2.0_20241119/xtensa-esp-elf/bin/../lib/gcc/xtensa-esp-elf/14.2.0/include-fixed]
    add: [/home/sulicat/.espressif/tools/xtensa-esp-elf/esp-14.2.0_20241119/xtensa-esp-elf/bin/../lib/gcc/xtensa-esp-elf/14.2.0/../../../../xtensa-esp-elf/include]
  end of search list found
  collapse include dir [/home/sulicat/.espressif/tools/xtensa-esp-elf/esp-14.2.0_20241119/xtensa-esp-elf/bin/../lib/gcc/xtensa-esp-elf/14.2.0/include] ==> [/home/sulicat/.espressif/tools/xtensa-esp-elf/esp-14.2.0_20241119/xtensa-esp-elf/lib/gcc/xtensa-esp-elf/14.2.0/include]
  collapse include dir [/home/sulicat/.espressif/tools/xtensa-esp-elf/esp-14.2.0_20241119/xtensa-esp-elf/bin/../lib/gcc/xtensa-esp-elf/14.2.0/include-fixed] ==> [/home/sulicat/.espressif/tools/xtensa-esp-elf/esp-14.2.0_20241119/xtensa-esp-elf/lib/gcc/xtensa-esp-elf/14.2.0/include-fixed]
  collapse include dir [/home/sulicat/.espressif/tools/xtensa-esp-elf/esp-14.2.0_20241119/xtensa-esp-elf/bin/../lib/gcc/xtensa-esp-elf/14.2.0/../../../../xtensa-esp-elf/include] ==> [/home/sulicat/.espressif/tools/xtensa-esp-elf/esp-14.2.0_20241119/xtensa-esp-elf/xtensa-esp-elf/include]
  implicit include dirs: [/home/sulicat/.espressif/tools/xtensa-esp-elf/esp-14.2.0_20241119/xtensa-esp-elf/lib/gcc/xtensa-esp-elf/14.2.0/include;/home/sulicat/.espressif/tools/xtensa-esp-elf/esp-14.2.0_20241119/xtensa-esp-elf/lib/gcc/xtensa-esp-elf/14.2.0/include-fixed;/home/sulicat/.espressif/tools/xtensa-esp-elf/esp-14.2.0_20241119/xtensa-esp-elf/xtensa-esp-elf/include]


Parsed C implicit link information from above output:
  link line regex: [^( *|.*[/\])(xtensa-esp32s3-elf-ld|CMAKE_LINK_STARTFILE-NOTFOUND|([^/\]+-)?ld|collect2)[^/\]*( |$)]
  ignore line: [Change Dir: /home/sulicat/git/hardware/ReMapper/software/ESP32/ReMapper/build/CMakeFiles/CMakeTmp]
  ignore line: []
  ignore line: [Run Build Command(s):/usr/bin/ninja cmTC_647e6 && [1/2] Building C object CMakeFiles/cmTC_647e6.dir/CMakeCCompilerABI.c.obj]
  ignore line: [Using built-in specs.]
  ignore line: [COLLECT_GCC=/home/sulicat/.espressif/tools/xtensa-esp-elf/esp-14.2.0_20241119/xtensa-esp-elf/bin/xtensa-esp-elf-gcc]
  ignore line: [Target: xtensa-esp-elf]
  ignore line: [Configured with: /builds/idf/crosstool-NG/.build/xtensa-esp-elf/src/gcc/configure --build=x86_64-build_pc-linux-gnu --host=x86_64-build_pc-linux-gnu --target=xtensa-esp-elf --prefix=/builds/idf/crosstool-NG/builds/xtensa-esp-elf --exec_prefix=/builds/idf/crosstool-NG/builds/xtensa-esp-elf --with-local-prefix=/builds/idf/crosstool-NG/builds/xtensa-esp-elf/xtensa-esp-elf --with-sysroot=/builds/idf/crosstool-NG/builds/xtensa-esp-elf/xtensa-esp-elf --with-native-system-header-dir=/include --with-newlib --enable-threads=no --disable-shared --with-pkgversion='crosstool-NG esp-14.2.0_20241119' --disable-__cxa_atexit --enable-cxx-flags=-ffunction-sections --disable-libgomp --disable-libmudflap --disable-libmpx --disable-libssp --disable-libquadmath --disable-libquadmath-support --disable-libstdcxx-verbose --with-gmp=/builds/idf/crosstool-NG/.build/xtensa-esp-elf/buildtools --with-mpfr=/builds/idf/crosstool-NG/.build/xtensa-esp-elf/buildtools --with-mpc=/builds/idf/crosstool-NG/.build/xtensa-esp-elf/buildtools --with-isl=/builds/idf/crosstool-NG/.build/xtensa-esp-elf/buildtools --enable-lto --enable-target-optspace --without-long-double-128 --disable-nls --enable-multiarch --enable-languages=c c++ --disable-libstdcxx-verbose --enable-threads=posix --enable-gcov-custom-rtio --enable-libstdcxx-time=yes]
  ignore line: [Thread model: posix]
  ignore line: [Supported LTO compression algorithms: zlib zstd]
  ignore line: [gcc version 14.2.0 (crosstool-NG esp-14.2.0_20241119) ]
  ignore line: [COLLECT_GCC_OPTIONS='-mdynconfig=xtensa_esp32s3.so' '-mlongcalls' '-fno-builtin-memcpy' '-fno-builtin-memset' '-fno-builtin-bzero' '-fno-builtin-stpcpy' '-fno-builtin-strncpy' '-v' '-o' 'CMakeFiles/cmTC_647e6.dir/CMakeCCompilerABI.c.obj' '-c' '-dumpdir' 'CMakeFiles/cmTC_647e6.dir/']
  ignore line: [ /home/sulicat/.espressif/tools/xtensa-esp-elf/esp-14.2.0_20241119/xtensa-esp-elf/bin/../libexec/gcc/xtensa-esp-elf/14.2.0/cc1 -quiet -v -imultilib esp32s3 -iprefix /home/sulicat/.espressif/tools/xtensa-esp-elf/esp-14.2.0_20241119/xtensa-esp-elf/bin/../lib/gcc/xtensa-esp-elf/14.2.0/ -isysroot /home/sulicat/.espressif/tools/xtensa-esp-elf/esp-14.2.0_20241119/xtensa-esp-elf/bin/../xtensa-esp-elf /usr/share/cmake-3.22/Modules/CMakeCCompilerABI.c -quiet -dumpdir CMakeFiles/cmTC_647e6.dir/ -dumpbase CMakeCCompilerABI.c.c -dumpbase-ext .c -mdynconfig=xtensa_esp32s3.so -mlongcalls -version -fno-builtin-memcpy -fno-builtin-memset -fno-builtin-bzero -fno-builtin-stpcpy -fno-builtin-strncpy -o /tmp/cce8Du5v.s]
  ignore line: [GNU C17 (crosstool-NG esp-14.2.0_20241119) version 14.2.0 (xtensa-esp-elf)]
  ignore line: [	compiled by GNU C version 4.9.2  GMP version 6.2.1  MPFR version 4.2.1  MPC version 1.2.1  isl version isl-0.26-GMP]
  ignore line: []
  ignore line: [GGC heuristics: --param ggc-min-expand=100 --param ggc-min-heapsize=131072]
  ignore line: [ignoring duplicate directory "/home/sulicat/.espressif/tools/xtensa-esp-elf/esp-14.2.0_20241119/xtensa-esp-elf/bin/../lib/gcc/../../lib/gcc/xtensa-esp-elf/14.2.0/include"]
  ignore line: [ignoring nonexistent directory "/home/sulicat/.espressif/tools/xtensa-esp-elf/esp-14.2.0_20241119/xtensa-esp-elf/bin/../xtensa-esp-elf/builds/idf/crosstool-NG/builds/xtensa-esp-elf/xtensa-esp-elf/include"]
  ignore line: [ignoring duplicate directory "/home/sulicat/.espressif/tools/xtensa-esp-elf/esp-14.2.0_20241119/xtensa-esp-elf/bin/../lib/gcc/../../lib/gcc/xtensa-esp-elf/14.2.0/include-fixed"]
  ignore line: [ignoring duplicate directory "/home/sulicat/.espressif/tools/xtensa-esp-elf/esp-14.2.0_20241119/xtensa-esp-elf/bin/../lib/gcc/../../lib/gcc/xtensa-esp-elf/14.2.0/../../../../xtensa-esp-elf/include"]
  ignore line: [ignoring duplicate directory "/home/sulicat/.espressif/tools/xtensa-esp-elf/esp-14.2.0_20241119/xtensa-esp-elf/bin/../xtensa-esp-elf/include"]
  ignore line: [#include "..." search starts here:]
  ignore line: [#include <...> search starts here:]
  ignore line: [ /home/sulicat/.espressif/tools/xtensa-esp-elf/esp-14.2.0_20241119/xtensa-esp-elf/bin/../lib/gcc/xtensa-esp-elf/14.2.0/include]
  ignore line: [ /home/sulicat/.espressif/tools/xtensa-esp-elf/esp-14.2.0_20241119/xtensa-esp-elf/bin/../lib/gcc/xtensa-esp-elf/14.2.0/include-fixed]
  ignore line: [ /home/sulicat/.espressif/tools/xtensa-esp-elf/esp-14.2.0_20241119/xtensa-esp-elf/bin/../lib/gcc/xtensa-esp-elf/14.2.0/../../../../xtensa-esp-elf/include]
  ignore line: [End of search list.]
  ignore line: [Compiler executable checksum: 81174f71db4416537376b4420f5c69fd]
  ignore line: [COLLECT_GCC_OPTIONS='-mdynconfig=xtensa_esp32s3.so' '-mlongcalls' '-fno-builtin-memcpy' '-fno-builtin-memset' '-fno-builtin-bzero' '-fno-builtin-stpcpy' '-fno-builtin-strncpy' '-v' '-o' 'CMakeFiles/cmTC_647e6.dir/CMakeCCompilerABI.c.obj' '-c' '-dumpdir' 'CMakeFiles/cmTC_647e6.dir/']
  ignore line: [ /home/sulicat/.espressif/tools/xtensa-esp-elf/esp-14.2.0_20241119/xtensa-esp-elf/bin/../lib/gcc/xtensa-esp-elf/14.2.0/../../../../xtensa-esp-elf/bin/as --traditional-format --longcalls --dynconfig=xtensa_esp32s3.so -o CMakeFiles/cmTC_647e6.dir/CMakeCCompilerABI.c.obj /tmp/cce8Du5v.s]
  ignore line: [COMPILER_PATH=/home/sulicat/.espressif/tools/xtensa-esp-elf/esp-14.2.0_20241119/xtensa-esp-elf/bin/../libexec/gcc/xtensa-esp-elf/14.2.0/:/home/sulicat/.espressif/tools/xtensa-esp-elf/esp-14.2.0_20241119/xtensa-esp-elf/bin/../libexec/gcc/:/home/sulicat/.espressif/tools/xtensa-esp-elf/esp-14.2.0_20241119/xtensa-esp-elf/bin/../lib/gcc/xtensa-esp-elf/14.2.0/../../../../xtensa-esp-elf/bin/]
  ignore line: [LIBRARY_PATH=/home/sulicat/.espressif/tools/xtensa-esp-elf/esp-14.2.0_20241119/xtensa-esp-elf/bin/../lib/gcc/xtensa-esp-elf/14.2.0/esp32s3/:/home/sulicat/.espressif/tools/xtensa-esp-elf/esp-14.2.0_20241119/xtensa-esp-elf/bin/../lib/gcc/xtensa-esp-elf/14.2.0/../../../../xtensa-esp-elf/lib/esp32s3/:/home/sulicat/.espressif/tools/xtensa-esp-elf/esp-14.2.0_20241119/xtensa-esp-elf/bin/../xtensa-esp-elf/lib/esp32s3/:/home/sulicat/.espressif/tools/xtensa-esp-elf/esp-14.2.0_20241119/xtensa-esp-elf/bin/../lib/gcc/xtensa-esp-elf/14.2.0/:/home/sulicat/.espressif/tools/xtensa-esp-elf/esp-14.2.0_20241119/xtensa-esp-elf/bin/../lib/gcc/:/home/sulicat/.espressif/tools/xtensa-esp-elf/esp-14.2.0_20241119/xtensa-esp-elf/bin/../lib/gcc/xtensa-esp-elf/14.2.0/../../../../xtensa-esp-elf/lib/:/home/sulicat/.espressif/tools/xtensa-esp-elf/esp-14.2.0_20241119/xtensa-esp-elf/bin/../xtensa-esp-elf/lib/:/home/sulicat/.espressif/tools/xtensa-esp-elf/esp-14.2.0_20241119/xtensa-esp-elf/bin/../xtensa-esp-elf/usr/lib/]
  ignore line: [COLLECT_GCC_OPTIONS='-mdynconfig=xtensa_esp32s3.so' '-mlongcalls' '-fno-builtin-memcpy' '-fno-builtin-memset' '-fno-builtin-bzero' '-fno-builtin-stpcpy' '-fno-builtin-strncpy' '-v' '-o' 'CMakeFiles/cmTC_647e6.dir/CMakeCCompilerABI.c.obj' '-c' '-dumpdir' 'CMakeFiles/cmTC_647e6.dir/CMakeCCompilerABI.c.']
  ignore line: [[2/2] Linking C executable cmTC_647e6]
  ignore line: [Using built-in specs.]
  ignore line: [COLLECT_GCC=/home/sulicat/.espressif/tools/xtensa-esp-elf/esp-14.2.0_20241119/xtensa-esp-elf/bin/xtensa-esp-elf-gcc]
  ignore line: [COLLECT_LTO_WRAPPER=/home/sulicat/.espressif/tools/xtensa-esp-elf/esp-14.2.0_20241119/xtensa-esp-elf/bin/../libexec/gcc/xtensa-esp-elf/14.2.0/lto-wrapper]
  ignore line: [Target: xtensa-esp-elf]
  ignore line: [Configured with: /builds/idf/crosstool-NG/.build/xtensa-esp-elf/src/gcc/configure --build=x86_64-build_pc-linux-gnu --host=x86_64-build_pc-linux-gnu --target=xtensa-esp-elf --prefix=/builds/idf/crosstool-NG/builds/xtensa-esp-elf --exec_prefix=/builds/idf/crosstool-NG/builds/xtensa-esp-elf --with-local-prefix=/builds/idf/crosstool-NG/builds/xtensa-esp-elf/xtensa-esp-elf --with-sysroot=/builds/idf/crosstool-NG/builds/xtensa-esp-elf/xtensa-esp-elf --with-native-system-header-dir=/include --with-newlib --enable-threads=no --disable-shared --with-pkgversion='crosstool-NG esp-14.2.0_20241119' --disable-__cxa_atexit --enable-cxx-flags=-ffunction-sections --disable-libgomp --disable-libmudflap --disable-libmpx --disable-libssp --disable-libquadmath --disable-libquadmath-support --disable-libstdcxx-verbose --with-gmp=/builds/idf/crosstool-NG/.build/xtensa-esp-elf/buildtools --with-mpfr=/builds/idf/crosstool-NG/.build/xtensa-esp-elf/buildtools --with-mpc=/builds/idf/crosstool-NG/.build/xtensa-esp-elf/buildtools --with-isl=/builds/idf/crosstool-NG/.build/xtensa-esp-elf/buildtools --enable-lto --enable-target-optspace --without-long-double-128 --disable-nls --enable-multiarch --enable-languages=c c++ --disable-libstdcxx-verbose --enable-threads=posix --enable-gcov-custom-rtio --enable-libstdcxx-time=yes]
  ignore line: [Thread model: posix]
  ignore line: [Supported LTO compression algorithms: zlib zstd]
  ignore line: [gcc version 14.2.0 (crosstool-NG esp-14.2.0_20241119) ]
  ignore line: [COMPILER_PATH=/home/sulicat/.espressif/tools/xtensa-esp-elf/esp-14.2.0_20241119/xtensa-esp-elf/bin/../libexec/gcc/xtensa-esp-elf/14.2.0/:/home/sulicat/.espressif/tools/xtensa-esp-elf/esp-14.2.0_20241119/xtensa-esp-elf/bin/../libexec/gcc/:/home/sulicat/.espressif/tools/xtensa-esp-elf/esp-14.2.0_20241119/xtensa-esp-elf/bin/../lib/gcc/xtensa-esp-elf/14.2.0/../../../../xtensa-esp-elf/bin/]
  ignore line: [LIBRARY_PATH=/home/sulicat/.espressif/tools/xtensa-esp-elf/esp-14.2.0_20241119/xtensa-esp-elf/bin/../lib/gcc/xtensa-esp-elf/14.2.0/esp32s3/:/home/sulicat/.espressif/tools/xtensa-esp-elf/esp-14.2.0_20241119/xtensa-esp-elf/bin/../lib/gcc/xtensa-esp-elf/14.2.0/../../../../xtensa-esp-elf/lib/esp32s3/:/home/sulicat/.espressif/tools/xtensa-esp-elf/esp-14.2.0_20241119/xtensa-esp-elf/bin/../xtensa-esp-elf/lib/esp32s3/:/home/sulicat/.espressif/tools/xtensa-esp-elf/esp-14.2.0_20241119/xtensa-esp-elf/bin/../lib/gcc/xtensa-esp-elf/14.2.0/:/home/sulicat/.espressif/tools/xtensa-esp-elf/esp-14.2.0_20241119/xtensa-esp-elf/bin/../lib/gcc/:/home/sulicat/.espressif/tools/xtensa-esp-elf/esp-14.2.0_20241119/xtensa-esp-elf/bin/../lib/gcc/xtensa-esp-elf/14.2.0/../../../../xtensa-esp-elf/lib/:/home/sulicat/.espressif/tools/xtensa-esp-elf/esp-14.2.0_20241119/xtensa-esp-elf/bin/../xtensa-esp-elf/lib/:/home/sulicat/.espressif/tools/xtensa-esp-elf/esp-14.2.0_20241119/xtensa-esp-elf/bin/../xtensa-esp-elf/usr/lib/]
  ignore line: [COLLECT_GCC_OPTIONS='-mdynconfig=xtensa_esp32s3.so' '-mlongcalls' '-fno-builtin-memcpy' '-fno-builtin-memset' '-fno-builtin-bzero' '-fno-builtin-stpcpy' '-fno-builtin-strncpy' '-nostartfiles' '-v' '-o' 'cmTC_647e6' '-dumpdir' 'cmTC_647e6.']
  link line: [ /home/sulicat/.espressif/tools/xtensa-esp-elf/esp-14.2.0_20241119/xtensa-esp-elf/bin/../libexec/gcc/xtensa-esp-elf/14.2.0/collect2 -plugin /home/sulicat/.espressif/tools/xtensa-esp-elf/esp-14.2.0_20241119/xtensa-esp-elf/bin/../libexec/gcc/xtensa-esp-elf/14.2.0/liblto_plugin.so -plugin-opt=/home/sulicat/.espressif/tools/xtensa-esp-elf/esp-14.2.0_20241119/xtensa-esp-elf/bin/../libexec/gcc/xtensa-esp-elf/14.2.0/lto-wrapper -plugin-opt=-fresolution=/tmp/cc1xyCri.res -plugin-opt=-pass-through=-lgcc -plugin-opt=-pass-through=-lc -plugin-opt=-pass-through=-lnosys -plugin-opt=-pass-through=-lc -plugin-opt=-pass-through=-lgcc --sysroot=/home/sulicat/.espressif/tools/xtensa-esp-elf/esp-14.2.0_20241119/xtensa-esp-elf/bin/../xtensa-esp-elf --dynconfig=xtensa_esp32s3.so -o cmTC_647e6 -L/home/sulicat/.espressif/tools/xtensa-esp-elf/esp-14.2.0_20241119/xtensa-esp-elf/bin/../lib/gcc/xtensa-esp-elf/14.2.0/esp32s3 -L/home/sulicat/.espressif/tools/xtensa-esp-elf/esp-14.2.0_20241119/xtensa-esp-elf/bin/../lib/gcc/xtensa-esp-elf/14.2.0/../../../../xtensa-esp-elf/lib/esp32s3 -L/home/sulicat/.espressif/tools/xtensa-esp-elf/esp-14.2.0_20241119/xtensa-esp-elf/bin/../xtensa-esp-elf/lib/esp32s3 -L/home/sulicat/.espressif/tools/xtensa-esp-elf/esp-14.2.0_20241119/xtensa-esp-elf/bin/../lib/gcc/xtensa-esp-elf/14.2.0 -L/home/sulicat/.espressif/tools/xtensa-esp-elf/esp-14.2.0_20241119/xtensa-esp-elf/bin/../lib/gcc -L/home/sulicat/.espressif/tools/xtensa-esp-elf/esp-14.2.0_20241119/xtensa-esp-elf/bin/../lib/gcc/xtensa-esp-elf/14.2.0/../../../../xtensa-esp-elf/lib -L/home/sulicat/.espressif/tools/xtensa-esp-elf/esp-14.2.0_20241119/xtensa-esp-elf/bin/../xtensa-esp-elf/lib -L/home/sulicat/.espressif/tools/xtensa-esp-elf/esp-14.2.0_20241119/xtensa-esp-elf/bin/../xtensa-esp-elf/usr/lib CMakeFiles/cmTC_647e6.dir/CMakeCCompilerABI.c.obj -lgcc -lc -lnosys -lc -lgcc]
    arg [/home/sulicat/.espressif/tools/xtensa-esp-elf/esp-14.2.0_20241119/xtensa-esp-elf/bin/../libexec/gcc/xtensa-esp-elf/14.2.0/collect2] ==> ignore
    arg [-plugin] ==> ignore
    arg [/home/sulicat/.espressif/tools/xtensa-esp-elf/esp-14.2.0_20241119/xtensa-esp-elf/bin/../libexec/gcc/xtensa-esp-elf/14.2.0/liblto_plugin.so] ==> ignore
    arg [-plugin-opt=/home/sulicat/.espressif/tools/xtensa-esp-elf/esp-14.2.0_20241119/xtensa-esp-elf/bin/../libexec/gcc/xtensa-esp-elf/14.2.0/lto-wrapper] ==> ignore
    arg [-plugin-opt=-fresolution=/tmp/cc1xyCri.res] ==> ignore
    arg [-plugin-opt=-pass-through=-lgcc] ==> ignore
    arg [-plugin-opt=-pass-through=-lc] ==> ignore
    arg [-plugin-opt=-pass-through=-lnosys] ==> ignore
    arg [-plugin-opt=-pass-through=-lc] ==> ignore
    arg [-plugin-opt=-pass-through=-lgcc] ==> ignore
    arg [--sysroot=/home/sulicat/.espressif/tools/xtensa-esp-elf/esp-14.2.0_20241119/xtensa-esp-elf/bin/../xtensa-esp-elf] ==> ignore
    arg [--dynconfig=xtensa_esp32s3.so] ==> ignore
    arg [-o] ==> ignore
    arg [cmTC_647e6] ==> ignore
    arg [-L/home/sulicat/.espressif/tools/xtensa-esp-elf/esp-14.2.0_20241119/xtensa-esp-elf/bin/../lib/gcc/xtensa-esp-elf/14.2.0/esp32s3] ==> dir [/home/sulicat/.espressif/tools/xtensa-esp-elf/esp-14.2.0_20241119/xtensa-esp-elf/bin/../lib/gcc/xtensa-esp-elf/14.2.0/esp32s3]
    arg [-L/home/sulicat/.espressif/tools/xtensa-esp-elf/esp-14.2.0_20241119/xtensa-esp-elf/bin/../lib/gcc/xtensa-esp-elf/14.2.0/../../../../xtensa-esp-elf/lib/esp32s3] ==> dir [/home/sulicat/.espressif/tools/xtensa-esp-elf/esp-14.2.0_20241119/xtensa-esp-elf/bin/../lib/gcc/xtensa-esp-elf/14.2.0/../../../../xtensa-esp-elf/lib/esp32s3]
    arg [-L/home/sulicat/.espressif/tools/xtensa-esp-elf/esp-14.2.0_20241119/xtensa-esp-elf/bin/../xtensa-esp-elf/lib/esp32s3] ==> dir [/home/sulicat/.espressif/tools/xtensa-esp-elf/esp-14.2.0_20241119/xtensa-esp-elf/bin/../xtensa-esp-elf/lib/esp32s3]
    arg [-L/home/sulicat/.espressif/tools/xtensa-esp-elf/esp-14.2.0_20241119/xtensa-esp-elf/bin/../lib/gcc/xtensa-esp-elf/14.2.0] ==> dir [/home/sulicat/.espressif/tools/xtensa-esp-elf/esp-14.2.0_20241119/xtensa-esp-elf/bin/../lib/gcc/xtensa-esp-elf/14.2.0]
    arg [-L/home/sulicat/.espressif/tools/xtensa-esp-elf/esp-14.2.0_20241119/xtensa-esp-elf/bin/../lib/gcc] ==> dir [/home/sulicat/.espressif/tools/xtensa-esp-elf/esp-14.2.0_20241119/xtensa-esp-elf/bin/../lib/gcc]
    arg [-L/home/sulicat/.espressif/tools/xtensa-esp-elf/esp-14.2.0_20241119/xtensa-esp-elf/bin/../lib/gcc/xtensa-esp-elf/14.2.0/../../../../xtensa-esp-elf/lib] ==> dir [/home/sulicat/.espressif/tools/xtensa-esp-elf/esp-14.2.0_20241119/xtensa-esp-elf/bin/../lib/gcc/xtensa-esp-elf/14.2.0/../../../../xtensa-esp-elf/lib]
    arg [-L/home/sulicat/.espressif/tools/xtensa-esp-elf/esp-14.2.0_20241119/xtensa-esp-elf/bin/../xtensa-esp-elf/lib] ==> dir [/home/sulicat/.espressif/tools/xtensa-esp-elf/esp-14.2.0_20241119/xtensa-esp-elf/bin/../xtensa-esp-elf/lib]
    arg [-L/home/sulicat/.espressif/tools/xtensa-esp-elf/esp-14.2.0_20241119/xtensa-esp-elf/bin/../xtensa-esp-elf/usr/lib] ==> dir [/home/sulicat/.espressif/tools/xtensa-esp-elf/esp-14.2.0_20241119/xtensa-esp-elf/bin/../xtensa-esp-elf/usr/lib]
    arg [CMakeFiles/cmTC_647e6.dir/CMakeCCompilerABI.c.obj] ==> ignore
    arg [-lgcc] ==> lib [gcc]
    arg [-lc] ==> lib [c]
    arg [-lnosys] ==> lib [nosys]
    arg [-lc] ==> lib [c]
    arg [-lgcc] ==> lib [gcc]
  collapse library dir [/home/sulicat/.espressif/tools/xtensa-esp-elf/esp-14.2.0_20241119/xtensa-esp-elf/bin/../lib/gcc/xtensa-esp-elf/14.2.0/esp32s3] ==> [/home/sulicat/.espressif/tools/xtensa-esp-elf/esp-14.2.0_20241119/xtensa-esp-elf/lib/gcc/xtensa-esp-elf/14.2.0/esp32s3]
  collapse library dir [/home/sulicat/.espressif/tools/xtensa-esp-elf/esp-14.2.0_20241119/xtensa-esp-elf/bin/../lib/gcc/xtensa-esp-elf/14.2.0/../../../../xtensa-esp-elf/lib/esp32s3] ==> [/home/sulicat/.espressif/tools/xtensa-esp-elf/esp-14.2.0_20241119/xtensa-esp-elf/xtensa-esp-elf/lib/esp32s3]
  collapse library dir [/home/sulicat/.espressif/tools/xtensa-esp-elf/esp-14.2.0_20241119/xtensa-esp-elf/bin/../xtensa-esp-elf/lib/esp32s3] ==> [/home/sulicat/.espressif/tools/xtensa-esp-elf/esp-14.2.0_20241119/xtensa-esp-elf/xtensa-esp-elf/lib/esp32s3]
  collapse library dir [/home/sulicat/.espressif/tools/xtensa-esp-elf/esp-14.2.0_20241119/xtensa-esp-elf/bin/../lib/gcc/xtensa-esp-elf/14.2.0] ==> [/home/sulicat/.espressif/tools/xtensa-esp-elf/esp-14.2.0_20241119/xtensa-esp-elf/lib/gcc/xtensa-esp-elf/14.2.0]
  collapse library dir [/home/sulicat/.espressif/tools/xtensa-esp-elf/esp-14.2.0_20241119/xtensa-esp-elf/bin/../lib/gcc] ==> [/home/sulicat/.espressif/tools/xtensa-esp-elf/esp-14.2.0_20241119/xtensa-esp-elf/lib/gcc]
  collapse library dir [/home/sulicat/.espressif/tools/xtensa-esp-elf/esp-14.2.0_20241119/xtensa-esp-elf/bin/../lib/gcc/xtensa-esp-elf/14.2.0/../../../../xtensa-esp-elf/lib] ==> [/home/sulicat/.espressif/tools/xtensa-esp-elf/esp-14.2.0_20241119/xtensa-esp-elf/xtensa-esp-elf/lib]
  collapse library dir [/home/sulicat/.espressif/tools/xtensa-esp-elf/esp-14.2.0_20241119/xtensa-esp-elf/bin/../xtensa-esp-elf/lib] ==> [/home/sulicat/.espressif/tools/xtensa-esp-elf/esp-14.2.0_20241119/xtensa-esp-elf/xtensa-esp-elf/lib]
  collapse library dir [/home/sulicat/.espressif/tools/xtensa-esp-elf/esp-14.2.0_20241119/xtensa-esp-elf/bin/../xtensa-esp-elf/usr/lib] ==> [/home/sulicat/.espressif/tools/xtensa-esp-elf/esp-14.2.0_20241119/xtensa-esp-elf/xtensa-esp-elf/usr/lib]
  implicit libs: [gcc;c;nosys;c;gcc]
  implicit objs: []
  implicit dirs: [/home/sulicat/.espressif/tools/xtensa-esp-elf/esp-14.2.0_20241119/xtensa-esp-elf/lib/gcc/xtensa-esp-elf/14.2.0/esp32s3;/home/sulicat/.espressif/tools/xtensa-esp-elf/esp-14.2.0_20241119/xtensa-esp-elf/xtensa-esp-elf/lib/esp32s3;/home/sulicat/.espressif/tools/xtensa-esp-elf/esp-14.2.0_20241119/xtensa-esp-elf/lib/gcc/xtensa-esp-elf/14.2.0;/home/sulicat/.espressif/tools/xtensa-esp-elf/esp-14.2.0_20241119/xtensa-esp-elf/lib/gcc;/home/sulicat/.espressif/tools/xtensa-esp-elf/esp-14.2.0_20241119/xtensa-esp-elf/xtensa-esp-elf/lib;/home/sulicat/.espressif/tools/xtensa-esp-elf/esp-14.2.0_20241119/xtensa-esp-elf/xtensa-esp-elf/usr/lib]
  implicit fwks: []


Detecting CXX compiler ABI info compiled with the following output:
Change Dir: /home/sulicat/git/hardware/ReMapper/software/ESP32/ReMapper/build/CMakeFiles/CMakeTmp

Run Build Command(s):/usr/bin/ninja cmTC_0d2f2 && [1/2] Building CXX object CMakeFiles/cmTC_0d2f2.dir/CMakeCXXCompilerABI.cpp.obj
Using built-in specs.
COLLECT_GCC=/home/sulicat/.espressif/tools/xtensa-esp-elf/esp-14.2.0_20241119/xtensa-esp-elf/bin/xtensa-esp-elf-g++
Target: xtensa-esp-elf
Configured with: /builds/idf/crosstool-NG/.build/xtensa-esp-elf/src/gcc/configure --build=x86_64-build_pc-linux-gnu --host=x86_64-build_pc-linux-gnu --target=xtensa-esp-elf --prefix=/builds/idf/crosstool-NG/builds/xtensa-esp-elf --exec_prefix=/builds/idf/crosstool-NG/builds/xtensa-esp-elf --with-local-prefix=/builds/idf/crosstool-NG/builds/xtensa-esp-elf/xtensa-esp-elf --with-sysroot=/builds/idf/crosstool-NG/builds/xtensa-esp-elf/xtensa-esp-elf --with-native-system-header-dir=/include --with-newlib --enable-threads=no --disable-shared --with-pkgversion='crosstool-NG esp-14.2.0_20241119' --disable-__cxa_atexit --enable-cxx-flags=-ffunction-sections --disable-libgomp --disable-libmudflap --disable-libmpx --disable-libssp --disable-libquadmath --disable-libquadmath-support --disable-libstdcxx-verbose --with-gmp=/builds/idf/crosstool-NG/.build/xtensa-esp-elf/buildtools --with-mpfr=/builds/idf/crosstool-NG/.build/xtensa-esp-elf/buildtools --with-mpc=/builds/idf/crosstool-NG/.build/xtensa-esp-elf/buildtools --with-isl=/builds/idf/crosstool-NG/.build/xtensa-esp-elf/buildtools --enable-lto --enable-target-optspace --without-long-double-128 --disable-nls --enable-multiarch --enable-languages=c,c++ --disable-libstdcxx-verbose --enable-threads=posix --enable-gcov-custom-rtio --enable-libstdcxx-time=yes
Thread model: posix
Supported LTO compression algorithms: zlib zstd
gcc version 14.2.0 (crosstool-NG esp-14.2.0_20241119) 
COLLECT_GCC_OPTIONS='-mdynconfig=xtensa_esp32s3.so' '-mlongcalls' '-fno-builtin-memcpy' '-fno-builtin-memset' '-fno-builtin-bzero' '-fno-builtin-stpcpy' '-fno-builtin-strncpy' '-v' '-o' 'CMakeFiles/cmTC_0d2f2.dir/CMakeCXXCompilerABI.cpp.obj' '-c' '-dumpdir' 'CMakeFiles/cmTC_0d2f2.dir/'
 /home/sulicat/.espressif/tools/xtensa-esp-elf/esp-14.2.0_20241119/xtensa-esp-elf/bin/../libexec/gcc/xtensa-esp-elf/14.2.0/cc1plus -quiet -v -imultilib esp32s3 -iprefix /home/sulicat/.espressif/tools/xtensa-esp-elf/esp-14.2.0_20241119/xtensa-esp-elf/bin/../lib/gcc/xtensa-esp-elf/14.2.0/ -isysroot /home/sulicat/.espressif/tools/xtensa-esp-elf/esp-14.2.0_20241119/xtensa-esp-elf/bin/../xtensa-esp-elf /usr/share/cmake-3.22/Modules/CMakeCXXCompilerABI.cpp -quiet -dumpdir CMakeFiles/cmTC_0d2f2.dir/ -dumpbase CMakeCXXCompilerABI.cpp.cpp -dumpbase-ext .cpp -mdynconfig=xtensa_esp32s3.so -mlongcalls -version -fno-builtin-memcpy -fno-builtin-memset -fno-builtin-bzero -fno-builtin-stpcpy -fno-builtin-strncpy -o /tmp/ccP1ddOR.s
GNU C++17 (crosstool-NG esp-14.2.0_20241119) version 14.2.0 (xtensa-esp-elf)
	compiled by GNU C version 4.9.2, GMP version 6.2.1, MPFR version 4.2.1, MPC version 1.2.1, isl version isl-0.26-GMP

GGC heuristics: --param ggc-min-expand=100 --param ggc-min-heapsize=131072
ignoring duplicate directory "/home/sulicat/.espressif/tools/xtensa-esp-elf/esp-14.2.0_20241119/xtensa-esp-elf/bin/../lib/gcc/../../lib/gcc/xtensa-esp-elf/14.2.0/../../../../xtensa-esp-elf/include/c++/14.2.0"
ignoring duplicate directory "/home/sulicat/.espressif/tools/xtensa-esp-elf/esp-14.2.0_20241119/xtensa-esp-elf/bin/../lib/gcc/../../lib/gcc/xtensa-esp-elf/14.2.0/../../../../xtensa-esp-elf/include/c++/14.2.0/xtensa-esp-elf/esp32s3"
ignoring duplicate directory "/home/sulicat/.espressif/tools/xtensa-esp-elf/esp-14.2.0_20241119/xtensa-esp-elf/bin/../lib/gcc/../../lib/gcc/xtensa-esp-elf/14.2.0/../../../../xtensa-esp-elf/include/c++/14.2.0/backward"
ignoring duplicate directory "/home/sulicat/.espressif/tools/xtensa-esp-elf/esp-14.2.0_20241119/xtensa-esp-elf/bin/../lib/gcc/../../lib/gcc/xtensa-esp-elf/14.2.0/include"
ignoring nonexistent directory "/home/sulicat/.espressif/tools/xtensa-esp-elf/esp-14.2.0_20241119/xtensa-esp-elf/bin/../xtensa-esp-elf/builds/idf/crosstool-NG/builds/xtensa-esp-elf/xtensa-esp-elf/include"
ignoring duplicate directory "/home/sulicat/.espressif/tools/xtensa-esp-elf/esp-14.2.0_20241119/xtensa-esp-elf/bin/../lib/gcc/../../lib/gcc/xtensa-esp-elf/14.2.0/include-fixed"
ignoring duplicate directory "/home/sulicat/.espressif/tools/xtensa-esp-elf/esp-14.2.0_20241119/xtensa-esp-elf/bin/../lib/gcc/../../lib/gcc/xtensa-esp-elf/14.2.0/../../../../xtensa-esp-elf/include"
ignoring duplicate directory "/home/sulicat/.espressif/tools/xtensa-esp-elf/esp-14.2.0_20241119/xtensa-esp-elf/bin/../xtensa-esp-elf/include"
#include "..." search starts here:
#include <...> search starts here:
 /home/sulicat/.espressif/tools/xtensa-esp-elf/esp-14.2.0_20241119/xtensa-esp-elf/bin/../lib/gcc/xtensa-esp-elf/14.2.0/../../../../xtensa-esp-elf/include/c++/14.2.0
 /home/sulicat/.espressif/tools/xtensa-esp-elf/esp-14.2.0_20241119/xtensa-esp-elf/bin/../lib/gcc/xtensa-esp-elf/14.2.0/../../../../xtensa-esp-elf/include/c++/14.2.0/xtensa-esp-elf/esp32s3
 /home/sulicat/.espressif/tools/xtensa-esp-elf/esp-14.2.0_20241119/xtensa-esp-elf/bin/../lib/gcc/xtensa-esp-elf/14.2.0/../../../../xtensa-esp-elf/include/c++/14.2.0/backward
 /home/sulicat/.espressif/tools/xtensa-esp-elf/esp-14.2.0_20241119/xtensa-esp-elf/bin/../lib/gcc/xtensa-esp-elf/14.2.0/include
 /home/sulicat/.espressif/tools/xtensa-esp-elf/esp-14.2.0_20241119/xtensa-esp-elf/bin/../lib/gcc/xtensa-esp-elf/14.2.0/include-fixed
 /home/sulicat/.espressif/tools/xtensa-esp-elf/esp-14.2.0_20241119/xtensa-esp-elf/bin/../lib/gcc/xtensa-esp-elf/14.2.0/../../../../xtensa-esp-elf/include
End of search list.
Compiler executable checksum: 00a0abec3a35f1fd29e56d9fb54b091a
COLLECT_GCC_OPTIONS='-mdynconfig=xtensa_esp32s3.so' '-mlongcalls' '-fno-builtin-memcpy' '-fno-builtin-memset' '-fno-builtin-bzero' '-fno-builtin-stpcpy' '-fno-builtin-strncpy' '-v' '-o' 'CMakeFiles/cmTC_0d2f2.dir/CMakeCXXCompilerABI.cpp.obj' '-c' '-dumpdir' 'CMakeFiles/cmTC_0d2f2.dir/'
 /home/sulicat/.espressif/tools/xtensa-esp-elf/esp-14.2.0_20241119/xtensa-esp-elf/bin/../lib/gcc/xtensa-esp-elf/14.2.0/../../../../xtensa-esp-elf/bin/as --traditional-format --longcalls --dynconfig=xtensa_esp32s3.so -o CMakeFiles/cmTC_0d2f2.dir/CMakeCXXCompilerABI.cpp.obj /tmp/ccP1ddOR.s
COMPILER_PATH=/home/sulicat/.espressif/tools/xtensa-esp-elf/esp-14.2.0_20241119/xtensa-esp-elf/bin/../libexec/gcc/xtensa-esp-elf/14.2.0/:/home/sulicat/.espressif/tools/xtensa-esp-elf/esp-14.2.0_20241119/xtensa-esp-elf/bin/../libexec/gcc/:/home/sulicat/.espressif/tools/xtensa-esp-elf/esp-14.2.0_20241119/xtensa-esp-elf/bin/../lib/gcc/xtensa-esp-elf/14.2.0/../../../../xtensa-esp-elf/bin/
LIBRARY_PATH=/home/sulicat/.espressif/tools/xtensa-esp-elf/esp-14.2.0_20241119/xtensa-esp-elf/bin/../lib/gcc/xtensa-esp-elf/14.2.0/esp32s3/:/home/sulicat/.espressif/tools/xtensa-esp-elf/esp-14.2.0_20241119/xtensa-esp-elf/bin/../lib/gcc/xtensa-esp-elf/14.2.0/../../../../xtensa-esp-elf/lib/esp32s3/:/home/sulicat/.espressif/tools/xtensa-esp-elf/esp-14.2.0_20241119/xtensa-esp-elf/bin/../xtensa-esp-elf/lib/esp32s3/:/home/sulicat/.espressif/tools/xtensa-esp-elf/esp-14.2.0_20241119/xtensa-esp-elf/bin/../lib/gcc/xtensa-esp-elf/14.2.0/:/home/sulicat/.espressif/tools/xtensa-esp-elf/esp-14.2.0_20241119/xtensa-esp-elf/bin/../lib/gcc/:/home/sulicat/.espressif/tools/xtensa-esp-elf/esp-14.2.0_20241119/xtensa-esp-elf/bin/../lib/gcc/xtensa-esp-elf/14.2.0/../../../../xtensa-esp-elf/lib/:/home/sulicat/.espressif/tools/xtensa-esp-elf/esp-14.2.0_20241119/xtensa-esp-elf/bin/../xtensa-esp-elf/lib/:/home/sulicat/.espressif/tools/xtensa-esp-elf/esp-14.2.0_20241119/xtensa-esp-elf/bin/../xtensa-esp-elf/usr/lib/
COLLECT_GCC_OPTIONS='-mdynconfig=xtensa_esp32s3.so' '-mlongcalls' '-fno-builtin-memcpy' '-fno-builtin-memset' '-fno-builtin-bzero' '-fno-builtin-stpcpy' '-fno-builtin-strncpy' '-v' '-o' 'CMakeFiles/cmTC_0d2f2.dir/CMakeCXXCompilerABI.cpp.obj' '-c' '-dumpdir' 'CMakeFiles/cmTC_0d2f2.dir/CMakeCXXCompilerABI.cpp.'
[2/2] Linking CXX executable cmTC_0d2f2
Using built-in specs.
COLLECT_GCC=/home/sulicat/.espressif/tools/xtensa-esp-elf/esp-14.2.0_20241119/xtensa-esp-elf/bin/xtensa-esp-elf-g++
COLLECT_LTO_WRAPPER=/home/sulicat/.espressif/tools/xtensa-esp-elf/esp-14.2.0_20241119/xtensa-esp-elf/bin/../libexec/gcc/xtensa-esp-elf/14.2.0/lto-wrapper
Target: xtensa-esp-elf
Configured with: /builds/idf/crosstool-NG/.build/xtensa-esp-elf/src/gcc/configure --build=x86_64-build_pc-linux-gnu --host=x86_64-build_pc-linux-gnu --target=xtensa-esp-elf --prefix=/builds/idf/crosstool-NG/builds/xtensa-esp-elf --exec_prefix=/builds/idf/crosstool-NG/builds/xtensa-esp-elf --with-local-prefix=/builds/idf/crosstool-NG/builds/xtensa-esp-elf/xtensa-esp-elf --with-sysroot=/builds/idf/crosstool-NG/builds/xtensa-esp-elf/xtensa-esp-elf --with-native-system-header-dir=/include --with-newlib --enable-threads=no --disable-shared --with-pkgversion='crosstool-NG esp-14.2.0_20241119' --disable-__cxa_atexit --enable-cxx-flags=-ffunction-sections --disable-libgomp --disable-libmudflap --disable-libmpx --disable-libssp --disable-libquadmath --disable-libquadmath-support --disable-libstdcxx-verbose --with-gmp=/builds/idf/crosstool-NG/.build/xtensa-esp-elf/buildtools --with-mpfr=/builds/idf/crosstool-NG/.build/xtensa-esp-elf/buildtools --with-mpc=/builds/idf/crosstool-NG/.build/xtensa-esp-elf/buildtools --with-isl=/builds/idf/crosstool-NG/.build/xtensa-esp-elf/buildtools --enable-lto --enable-target-optspace --without-long-double-128 --disable-nls --enable-multiarch --enable-languages=c,c++ --disable-libstdcxx-verbose --enable-threads=posix --enable-gcov-custom-rtio --enable-libstdcxx-time=yes
Thread model: posix
Supported LTO compression algorithms: zlib zstd
gcc version 14.2.0 (crosstool-NG esp-14.2.0_20241119) 
COMPILER_PATH=/home/sulicat/.espressif/tools/xtensa-esp-elf/esp-14.2.0_20241119/xtensa-esp-elf/bin/../libexec/gcc/xtensa-esp-elf/14.2.0/:/home/sulicat/.espressif/tools/xtensa-esp-elf/esp-14.2.0_20241119/xtensa-esp-elf/bin/../libexec/gcc/:/home/sulicat/.espressif/tools/xtensa-esp-elf/esp-14.2.0_20241119/xtensa-esp-elf/bin/../lib/gcc/xtensa-esp-elf/14.2.0/../../../../xtensa-esp-elf/bin/
LIBRARY_PATH=/home/sulicat/.espressif/tools/xtensa-esp-elf/esp-14.2.0_20241119/xtensa-esp-elf/bin/../lib/gcc/xtensa-esp-elf/14.2.0/esp32s3/:/home/sulicat/.espressif/tools/xtensa-esp-elf/esp-14.2.0_20241119/xtensa-esp-elf/bin/../lib/gcc/xtensa-esp-elf/14.2.0/../../../../xtensa-esp-elf/lib/esp32s3/:/home/sulicat/.espressif/tools/xtensa-esp-elf/esp-14.2.0_20241119/xtensa-esp-elf/bin/../xtensa-esp-elf/lib/esp32s3/:/home/sulicat/.espressif/tools/xtensa-esp-elf/esp-14.2.0_20241119/xtensa-esp-elf/bin/../lib/gcc/xtensa-esp-elf/14.2.0/:/home/sulicat/.espressif/tools/xtensa-esp-elf/esp-14.2.0_20241119/xtensa-esp-elf/bin/../lib/gcc/:/home/sulicat/.espressif/tools/xtensa-esp-elf/esp-14.2.0_20241119/xtensa-esp-elf/bin/../lib/gcc/xtensa-esp-elf/14.2.0/../../../../xtensa-esp-elf/lib/:/home/sulicat/.espressif/tools/xtensa-esp-elf/esp-14.2.0_20241119/xtensa-esp-elf/bin/../xtensa-esp-elf/lib/:/home/sulicat/.espressif/tools/xtensa-esp-elf/esp-14.2.0_20241119/xtensa-esp-elf/bin/../xtensa-esp-elf/usr/lib/
COLLECT_GCC_OPTIONS='-mdynconfig=xtensa_esp32s3.so' '-mlongcalls' '-fno-builtin-memcpy' '-fno-builtin-memset' '-fno-builtin-bzero' '-fno-builtin-stpcpy' '-fno-builtin-strncpy' '-nostartfiles' '-v' '-o' 'cmTC_0d2f2' '-dumpdir' 'cmTC_0d2f2.'
 /home/sulicat/.espressif/tools/xtensa-esp-elf/esp-14.2.0_20241119/xtensa-esp-elf/bin/../libexec/gcc/xtensa-esp-elf/14.2.0/collect2 -plugin /home/sulicat/.espressif/tools/xtensa-esp-elf/esp-14.2.0_20241119/xtensa-esp-elf/bin/../libexec/gcc/xtensa-esp-elf/14.2.0/liblto_plugin.so -plugin-opt=/home/sulicat/.espressif/tools/xtensa-esp-elf/esp-14.2.0_20241119/xtensa-esp-elf/bin/../libexec/gcc/xtensa-esp-elf/14.2.0/lto-wrapper -plugin-opt=-fresolution=/tmp/ccHx25Ah.res -plugin-opt=-pass-through=-lgcc -plugin-opt=-pass-through=-lc -plugin-opt=-pass-through=-lnosys -plugin-opt=-pass-through=-lc -plugin-opt=-pass-through=-lgcc --sysroot=/home/sulicat/.espressif/tools/xtensa-esp-elf/esp-14.2.0_20241119/xtensa-esp-elf/bin/../xtensa-esp-elf --dynconfig=xtensa_esp32s3.so -o cmTC_0d2f2 -L/home/sulicat/.espressif/tools/xtensa-esp-elf/esp-14.2.0_20241119/xtensa-esp-elf/bin/../lib/gcc/xtensa-esp-elf/14.2.0/esp32s3 -L/home/sulicat/.espressif/tools/xtensa-esp-elf/esp-14.2.0_20241119/xtensa-esp-elf/bin/../lib/gcc/xtensa-esp-elf/14.2.0/../../../../xtensa-esp-elf/lib/esp32s3 -L/home/sulicat/.espressif/tools/xtensa-esp-elf/esp-14.2.0_20241119/xtensa-esp-elf/bin/../xtensa-esp-elf/lib/esp32s3 -L/home/sulicat/.espressif/tools/xtensa-esp-elf/esp-14.2.0_20241119/xtensa-esp-elf/bin/../lib/gcc/xtensa-esp-elf/14.2.0 -L/home/sulicat/.espressif/tools/xtensa-esp-elf/esp-14.2.0_20241119/xtensa-esp-elf/bin/../lib/gcc -L/home/sulicat/.espressif/tools/xtensa-esp-elf/esp-14.2.0_20241119/xtensa-esp-elf/bin/../lib/gcc/xtensa-esp-elf/14.2.0/../../../../xtensa-esp-elf/lib -L/home/sulicat/.espressif/tools/xtensa-esp-elf/esp-14.2.0_20241119/xtensa-esp-elf/bin/../xtensa-esp-elf/lib -L/home/sulicat/.espressif/tools/xtensa-esp-elf/esp-14.2.0_20241119/xtensa-esp-elf/bin/../xtensa-esp-elf/usr/lib CMakeFiles/cmTC_0d2f2.dir/CMakeCXXCompilerABI.cpp.obj -lstdc++ -lm -lgcc -lc -lnosys -lc -lgcc
/home/sulicat/.espressif/tools/xtensa-esp-elf/esp-14.2.0_20241119/xtensa-esp-elf/bin/../lib/gcc/xtensa-esp-elf/14.2.0/../../../../xtensa-esp-elf/bin/ld: warning: cannot find entry symbol _start; defaulting to 00400054
COLLECT_GCC_OPTIONS='-mdynconfig=xtensa_esp32s3.so' '-mlongcalls' '-fno-builtin-memcpy' '-fno-builtin-memset' '-fno-builtin-bzero' '-fno-builtin-stpcpy' '-fno-builtin-strncpy' '-nostartfiles' '-v' '-o' 'cmTC_0d2f2' '-dumpdir' 'cmTC_0d2f2.'



Parsed CXX implicit include dir info from above output: rv=done
  found start of include info
  found start of implicit include info
    add: [/home/sulicat/.espressif/tools/xtensa-esp-elf/esp-14.2.0_20241119/xtensa-esp-elf/bin/../lib/gcc/xtensa-esp-elf/14.2.0/../../../../xtensa-esp-elf/include/c++/14.2.0]
    add: [/home/sulicat/.espressif/tools/xtensa-esp-elf/esp-14.2.0_20241119/xtensa-esp-elf/bin/../lib/gcc/xtensa-esp-elf/14.2.0/../../../../xtensa-esp-elf/include/c++/14.2.0/xtensa-esp-elf/esp32s3]
    add: [/home/sulicat/.espressif/tools/xtensa-esp-elf/esp-14.2.0_20241119/xtensa-esp-elf/bin/../lib/gcc/xtensa-esp-elf/14.2.0/../../../../xtensa-esp-elf/include/c++/14.2.0/backward]
    add: [/home/sulicat/.espressif/tools/xtensa-esp-elf/esp-14.2.0_20241119/xtensa-esp-elf/bin/../lib/gcc/xtensa-esp-elf/14.2.0/include]
    add: [/home/sulicat/.espressif/tools/xtensa-esp-elf/esp-14.2.0_20241119/xtensa-esp-elf/bin/../lib/gcc/xtensa-esp-elf/14.2.0/include-fixed]
    add: [/home/sulicat/.espressif/tools/xtensa-esp-elf/esp-14.2.0_20241119/xtensa-esp-elf/bin/../lib/gcc/xtensa-esp-elf/14.2.0/../../../../xtensa-esp-elf/include]
  end of search list found
  collapse include dir [/home/sulicat/.espressif/tools/xtensa-esp-elf/esp-14.2.0_20241119/xtensa-esp-elf/bin/../lib/gcc/xtensa-esp-elf/14.2.0/../../../../xtensa-esp-elf/include/c++/14.2.0] ==> [/home/sulicat/.espressif/tools/xtensa-esp-elf/esp-14.2.0_20241119/xtensa-esp-elf/xtensa-esp-elf/include/c++/14.2.0]
  collapse include dir [/home/sulicat/.espressif/tools/xtensa-esp-elf/esp-14.2.0_20241119/xtensa-esp-elf/bin/../lib/gcc/xtensa-esp-elf/14.2.0/../../../../xtensa-esp-elf/include/c++/14.2.0/xtensa-esp-elf/esp32s3] ==> [/home/sulicat/.espressif/tools/xtensa-esp-elf/esp-14.2.0_20241119/xtensa-esp-elf/xtensa-esp-elf/include/c++/14.2.0/xtensa-esp-elf/esp32s3]
  collapse include dir [/home/sulicat/.espressif/tools/xtensa-esp-elf/esp-14.2.0_20241119/xtensa-esp-elf/bin/../lib/gcc/xtensa-esp-elf/14.2.0/../../../../xtensa-esp-elf/include/c++/14.2.0/backward] ==> [/home/sulicat/.espressif/tools/xtensa-esp-elf/esp-14.2.0_20241119/xtensa-esp-elf/xtensa-esp-elf/include/c++/14.2.0/backward]
  collapse include dir [/home/sulicat/.espressif/tools/xtensa-esp-elf/esp-14.2.0_20241119/xtensa-esp-elf/bin/../lib/gcc/xtensa-esp-elf/14.2.0/include] ==> [/home/sulicat/.espressif/tools/xtensa-esp-elf/esp-14.2.0_20241119/xtensa-esp-elf/lib/gcc/xtensa-esp-elf/14.2.0/include]
  collapse include dir [/home/sulicat/.espressif/tools/xtensa-esp-elf/esp-14.2.0_20241119/xtensa-esp-elf/bin/../lib/gcc/xtensa-esp-elf/14.2.0/include-fixed] ==> [/home/sulicat/.espressif/tools/xtensa-esp-elf/esp-14.2.0_20241119/xtensa-esp-elf/lib/gcc/xtensa-esp-elf/14.2.0/include-fixed]
  collapse include dir [/home/sulicat/.espressif/tools/xtensa-esp-elf/esp-14.2.0_20241119/xtensa-esp-elf/bin/../lib/gcc/xtensa-esp-elf/14.2.0/../../../../xtensa-esp-elf/include] ==> [/home/sulicat/.espressif/tools/xtensa-esp-elf/esp-14.2.0_20241119/xtensa-esp-elf/xtensa-esp-elf/include]
  implicit include dirs: [/home/sulicat/.espressif/tools/xtensa-esp-elf/esp-14.2.0_20241119/xtensa-esp-elf/xtensa-esp-elf/include/c++/14.2.0;/home/sulicat/.espressif/tools/xtensa-esp-elf/esp-14.2.0_20241119/xtensa-esp-elf/xtensa-esp-elf/include/c++/14.2.0/xtensa-esp-elf/esp32s3;/home/sulicat/.espressif/tools/xtensa-esp-elf/esp-14.2.0_20241119/xtensa-esp-elf/xtensa-esp-elf/include/c++/14.2.0/backward;/home/sulicat/.espressif/tools/xtensa-esp-elf/esp-14.2.0_20241119/xtensa-esp-elf/lib/gcc/xtensa-esp-elf/14.2.0/include;/home/sulicat/.espressif/tools/xtensa-esp-elf/esp-14.2.0_20241119/xtensa-esp-elf/lib/gcc/xtensa-esp-elf/14.2.0/include-fixed;/home/sulicat/.espressif/tools/xtensa-esp-elf/esp-14.2.0_20241119/xtensa-esp-elf/xtensa-esp-elf/include]


Parsed CXX implicit link information from above output:
  link line regex: [^( *|.*[/\])(xtensa-esp32s3-elf-ld|CMAKE_LINK_STARTFILE-NOTFOUND|([^/\]+-)?ld|collect2)[^/\]*( |$)]
  ignore line: [Change Dir: /home/sulicat/git/hardware/ReMapper/software/ESP32/ReMapper/build/CMakeFiles/CMakeTmp]
  ignore line: []
  ignore line: [Run Build Command(s):/usr/bin/ninja cmTC_0d2f2 && [1/2] Building CXX object CMakeFiles/cmTC_0d2f2.dir/CMakeCXXCompilerABI.cpp.obj]
  ignore line: [Using built-in specs.]
  ignore line: [COLLECT_GCC=/home/sulicat/.espressif/tools/xtensa-esp-elf/esp-14.2.0_20241119/xtensa-esp-elf/bin/xtensa-esp-elf-g++]
  ignore line: [Target: xtensa-esp-elf]
  ignore line: [Configured with: /builds/idf/crosstool-NG/.build/xtensa-esp-elf/src/gcc/configure --build=x86_64-build_pc-linux-gnu --host=x86_64-build_pc-linux-gnu --target=xtensa-esp-elf --prefix=/builds/idf/crosstool-NG/builds/xtensa-esp-elf --exec_prefix=/builds/idf/crosstool-NG/builds/xtensa-esp-elf --with-local-prefix=/builds/idf/crosstool-NG/builds/xtensa-esp-elf/xtensa-esp-elf --with-sysroot=/builds/idf/crosstool-NG/builds/xtensa-esp-elf/xtensa-esp-elf --with-native-system-header-dir=/include --with-newlib --enable-threads=no --disable-shared --with-pkgversion='crosstool-NG esp-14.2.0_20241119' --disable-__cxa_atexit --enable-cxx-flags=-ffunction-sections --disable-libgomp --disable-libmudflap --disable-libmpx --disable-libssp --disable-libquadmath --disable-libquadmath-support --disable-libstdcxx-verbose --with-gmp=/builds/idf/crosstool-NG/.build/xtensa-esp-elf/buildtools --with-mpfr=/builds/idf/crosstool-NG/.build/xtensa-esp-elf/buildtools --with-mpc=/builds/idf/crosstool-NG/.build/xtensa-esp-elf/buildtools --with-isl=/builds/idf/crosstool-NG/.build/xtensa-esp-elf/buildtools --enable-lto --enable-target-optspace --without-long-double-128 --disable-nls --enable-multiarch --enable-languages=c c++ --disable-libstdcxx-verbose --enable-threads=posix --enable-gcov-custom-rtio --enable-libstdcxx-time=yes]
  ignore line: [Thread model: posix]
  ignore line: [Supported LTO compression algorithms: zlib zstd]
  ignore line: [gcc version 14.2.0 (crosstool-NG esp-14.2.0_20241119) ]
  ignore line: [COLLECT_GCC_OPTIONS='-mdynconfig=xtensa_esp32s3.so' '-mlongcalls' '-fno-builtin-memcpy' '-fno-builtin-memset' '-fno-builtin-bzero' '-fno-builtin-stpcpy' '-fno-builtin-strncpy' '-v' '-o' 'CMakeFiles/cmTC_0d2f2.dir/CMakeCXXCompilerABI.cpp.obj' '-c' '-dumpdir' 'CMakeFiles/cmTC_0d2f2.dir/']
  ignore line: [ /home/sulicat/.espressif/tools/xtensa-esp-elf/esp-14.2.0_20241119/xtensa-esp-elf/bin/../libexec/gcc/xtensa-esp-elf/14.2.0/cc1plus -quiet -v -imultilib esp32s3 -iprefix /home/sulicat/.espressif/tools/xtensa-esp-elf/esp-14.2.0_20241119/xtensa-esp-elf/bin/../lib/gcc/xtensa-esp-elf/14.2.0/ -isysroot /home/sulicat/.espressif/tools/xtensa-esp-elf/esp-14.2.0_20241119/xtensa-esp-elf/bin/../xtensa-esp-elf /usr/share/cmake-3.22/Modules/CMakeCXXCompilerABI.cpp -quiet -dumpdir CMakeFiles/cmTC_0d2f2.dir/ -dumpbase CMakeCXXCompilerABI.cpp.cpp -dumpbase-ext .cpp -mdynconfig=xtensa_esp32s3.so -mlongcalls -version -fno-builtin-memcpy -fno-builtin-memset -fno-builtin-bzero -fno-builtin-stpcpy -fno-builtin-strncpy -o /tmp/ccP1ddOR.s]
  ignore line: [GNU C++17 (crosstool-NG esp-14.2.0_20241119) version 14.2.0 (xtensa-esp-elf)]
  ignore line: [	compiled by GNU C version 4.9.2  GMP version 6.2.1  MPFR version 4.2.1  MPC version 1.2.1  isl version isl-0.26-GMP]
  ignore line: []
  ignore line: [GGC heuristics: --param ggc-min-expand=100 --param ggc-min-heapsize=131072]
  ignore line: [ignoring duplicate directory "/home/sulicat/.espressif/tools/xtensa-esp-elf/esp-14.2.0_20241119/xtensa-esp-elf/bin/../lib/gcc/../../lib/gcc/xtensa-esp-elf/14.2.0/../../../../xtensa-esp-elf/include/c++/14.2.0"]
  ignore line: [ignoring duplicate directory "/home/sulicat/.espressif/tools/xtensa-esp-elf/esp-14.2.0_20241119/xtensa-esp-elf/bin/../lib/gcc/../../lib/gcc/xtensa-esp-elf/14.2.0/../../../../xtensa-esp-elf/include/c++/14.2.0/xtensa-esp-elf/esp32s3"]
  ignore line: [ignoring duplicate directory "/home/sulicat/.espressif/tools/xtensa-esp-elf/esp-14.2.0_20241119/xtensa-esp-elf/bin/../lib/gcc/../../lib/gcc/xtensa-esp-elf/14.2.0/../../../../xtensa-esp-elf/include/c++/14.2.0/backward"]
  ignore line: [ignoring duplicate directory "/home/sulicat/.espressif/tools/xtensa-esp-elf/esp-14.2.0_20241119/xtensa-esp-elf/bin/../lib/gcc/../../lib/gcc/xtensa-esp-elf/14.2.0/include"]
  ignore line: [ignoring nonexistent directory "/home/sulicat/.espressif/tools/xtensa-esp-elf/esp-14.2.0_20241119/xtensa-esp-elf/bin/../xtensa-esp-elf/builds/idf/crosstool-NG/builds/xtensa-esp-elf/xtensa-esp-elf/include"]
  ignore line: [ignoring duplicate directory "/home/sulicat/.espressif/tools/xtensa-esp-elf/esp-14.2.0_20241119/xtensa-esp-elf/bin/../lib/gcc/../../lib/gcc/xtensa-esp-elf/14.2.0/include-fixed"]
  ignore line: [ignoring duplicate directory "/home/sulicat/.espressif/tools/xtensa-esp-elf/esp-14.2.0_20241119/xtensa-esp-elf/bin/../lib/gcc/../../lib/gcc/xtensa-esp-elf/14.2.0/../../../../xtensa-esp-elf/include"]
  ignore line: [ignoring duplicate directory "/home/sulicat/.espressif/tools/xtensa-esp-elf/esp-14.2.0_20241119/xtensa-esp-elf/bin/../xtensa-esp-elf/include"]
  ignore line: [#include "..." search starts here:]
  ignore line: [#include <...> search starts here:]
  ignore line: [ /home/sulicat/.espressif/tools/xtensa-esp-elf/esp-14.2.0_20241119/xtensa-esp-elf/bin/../lib/gcc/xtensa-esp-elf/14.2.0/../../../../xtensa-esp-elf/include/c++/14.2.0]
  ignore line: [ /home/sulicat/.espressif/tools/xtensa-esp-elf/esp-14.2.0_20241119/xtensa-esp-elf/bin/../lib/gcc/xtensa-esp-elf/14.2.0/../../../../xtensa-esp-elf/include/c++/14.2.0/xtensa-esp-elf/esp32s3]
  ignore line: [ /home/sulicat/.espressif/tools/xtensa-esp-elf/esp-14.2.0_20241119/xtensa-esp-elf/bin/../lib/gcc/xtensa-esp-elf/14.2.0/../../../../xtensa-esp-elf/include/c++/14.2.0/backward]
  ignore line: [ /home/sulicat/.espressif/tools/xtensa-esp-elf/esp-14.2.0_20241119/xtensa-esp-elf/bin/../lib/gcc/xtensa-esp-elf/14.2.0/include]
  ignore line: [ /home/sulicat/.espressif/tools/xtensa-esp-elf/esp-14.2.0_20241119/xtensa-esp-elf/bin/../lib/gcc/xtensa-esp-elf/14.2.0/include-fixed]
  ignore line: [ /home/sulicat/.espressif/tools/xtensa-esp-elf/esp-14.2.0_20241119/xtensa-esp-elf/bin/../lib/gcc/xtensa-esp-elf/14.2.0/../../../../xtensa-esp-elf/include]
  ignore line: [End of search list.]
  ignore line: [Compiler executable checksum: 00a0abec3a35f1fd29e56d9fb54b091a]
  ignore line: [COLLECT_GCC_OPTIONS='-mdynconfig=xtensa_esp32s3.so' '-mlongcalls' '-fno-builtin-memcpy' '-fno-builtin-memset' '-fno-builtin-bzero' '-fno-builtin-stpcpy' '-fno-builtin-strncpy' '-v' '-o' 'CMakeFiles/cmTC_0d2f2.dir/CMakeCXXCompilerABI.cpp.obj' '-c' '-dumpdir' 'CMakeFiles/cmTC_0d2f2.dir/']
  ignore line: [ /home/sulicat/.espressif/tools/xtensa-esp-elf/esp-14.2.0_20241119/xtensa-esp-elf/bin/../lib/gcc/xtensa-esp-elf/14.2.0/../../../../xtensa-esp-elf/bin/as --traditional-format --longcalls --dynconfig=xtensa_esp32s3.so -o CMakeFiles/cmTC_0d2f2.dir/CMakeCXXCompilerABI.cpp.obj /tmp/ccP1ddOR.s]
  ignore line: [COMPILER_PATH=/home/sulicat/.espressif/tools/xtensa-esp-elf/esp-14.2.0_20241119/xtensa-esp-elf/bin/../libexec/gcc/xtensa-esp-elf/14.2.0/:/home/sulicat/.espressif/tools/xtensa-esp-elf/esp-14.2.0_20241119/xtensa-esp-elf/bin/../libexec/gcc/:/home/sulicat/.espressif/tools/xtensa-esp-elf/esp-14.2.0_20241119/xtensa-esp-elf/bin/../lib/gcc/xtensa-esp-elf/14.2.0/../../../../xtensa-esp-elf/bin/]
  ignore line: [LIBRARY_PATH=/home/sulicat/.espressif/tools/xtensa-esp-elf/esp-14.2.0_20241119/xtensa-esp-elf/bin/../lib/gcc/xtensa-esp-elf/14.2.0/esp32s3/:/home/sulicat/.espressif/tools/xtensa-esp-elf/esp-14.2.0_20241119/xtensa-esp-elf/bin/../lib/gcc/xtensa-esp-elf/14.2.0/../../../../xtensa-esp-elf/lib/esp32s3/:/home/sulicat/.espressif/tools/xtensa-esp-elf/esp-14.2.0_20241119/xtensa-esp-elf/bin/../xtensa-esp-elf/lib/esp32s3/:/home/sulicat/.espressif/tools/xtensa-esp-elf/esp-14.2.0_20241119/xtensa-esp-elf/bin/../lib/gcc/xtensa-esp-elf/14.2.0/:/home/sulicat/.espressif/tools/xtensa-esp-elf/esp-14.2.0_20241119/xtensa-esp-elf/bin/../lib/gcc/:/home/sulicat/.espressif/tools/xtensa-esp-elf/esp-14.2.0_20241119/xtensa-esp-elf/bin/../lib/gcc/xtensa-esp-elf/14.2.0/../../../../xtensa-esp-elf/lib/:/home/sulicat/.espressif/tools/xtensa-esp-elf/esp-14.2.0_20241119/xtensa-esp-elf/bin/../xtensa-esp-elf/lib/:/home/sulicat/.espressif/tools/xtensa-esp-elf/esp-14.2.0_20241119/xtensa-esp-elf/bin/../xtensa-esp-elf/usr/lib/]
  ignore line: [COLLECT_GCC_OPTIONS='-mdynconfig=xtensa_esp32s3.so' '-mlongcalls' '-fno-builtin-memcpy' '-fno-builtin-memset' '-fno-builtin-bzero' '-fno-builtin-stpcpy' '-fno-builtin-strncpy' '-v' '-o' 'CMakeFiles/cmTC_0d2f2.dir/CMakeCXXCompilerABI.cpp.obj' '-c' '-dumpdir' 'CMakeFiles/cmTC_0d2f2.dir/CMakeCXXCompilerABI.cpp.']
  ignore line: [[2/2] Linking CXX executable cmTC_0d2f2]
  ignore line: [Using built-in specs.]
  ignore line: [COLLECT_GCC=/home/sulicat/.espressif/tools/xtensa-esp-elf/esp-14.2.0_20241119/xtensa-esp-elf/bin/xtensa-esp-elf-g++]
  ignore line: [COLLECT_LTO_WRAPPER=/home/sulicat/.espressif/tools/xtensa-esp-elf/esp-14.2.0_20241119/xtensa-esp-elf/bin/../libexec/gcc/xtensa-esp-elf/14.2.0/lto-wrapper]
  ignore line: [Target: xtensa-esp-elf]
  ignore line: [Configured with: /builds/idf/crosstool-NG/.build/xtensa-esp-elf/src/gcc/configure --build=x86_64-build_pc-linux-gnu --host=x86_64-build_pc-linux-gnu --target=xtensa-esp-elf --prefix=/builds/idf/crosstool-NG/builds/xtensa-esp-elf --exec_prefix=/builds/idf/crosstool-NG/builds/xtensa-esp-elf --with-local-prefix=/builds/idf/crosstool-NG/builds/xtensa-esp-elf/xtensa-esp-elf --with-sysroot=/builds/idf/crosstool-NG/builds/xtensa-esp-elf/xtensa-esp-elf --with-native-system-header-dir=/include --with-newlib --enable-threads=no --disable-shared --with-pkgversion='crosstool-NG esp-14.2.0_20241119' --disable-__cxa_atexit --enable-cxx-flags=-ffunction-sections --disable-libgomp --disable-libmudflap --disable-libmpx --disable-libssp --disable-libquadmath --disable-libquadmath-support --disable-libstdcxx-verbose --with-gmp=/builds/idf/crosstool-NG/.build/xtensa-esp-elf/buildtools --with-mpfr=/builds/idf/crosstool-NG/.build/xtensa-esp-elf/buildtools --with-mpc=/builds/idf/crosstool-NG/.build/xtensa-esp-elf/buildtools --with-isl=/builds/idf/crosstool-NG/.build/xtensa-esp-elf/buildtools --enable-lto --enable-target-optspace --without-long-double-128 --disable-nls --enable-multiarch --enable-languages=c c++ --disable-libstdcxx-verbose --enable-threads=posix --enable-gcov-custom-rtio --enable-libstdcxx-time=yes]
  ignore line: [Thread model: posix]
  ignore line: [Supported LTO compression algorithms: zlib zstd]
  ignore line: [gcc version 14.2.0 (crosstool-NG esp-14.2.0_20241119) ]
  ignore line: [COMPILER_PATH=/home/sulicat/.espressif/tools/xtensa-esp-elf/esp-14.2.0_20241119/xtensa-esp-elf/bin/../libexec/gcc/xtensa-esp-elf/14.2.0/:/home/sulicat/.espressif/tools/xtensa-esp-elf/esp-14.2.0_20241119/xtensa-esp-elf/bin/../libexec/gcc/:/home/sulicat/.espressif/tools/xtensa-esp-elf/esp-14.2.0_20241119/xtensa-esp-elf/bin/../lib/gcc/xtensa-esp-elf/14.2.0/../../../../xtensa-esp-elf/bin/]
  ignore line: [LIBRARY_PATH=/home/sulicat/.espressif/tools/xtensa-esp-elf/esp-14.2.0_20241119/xtensa-esp-elf/bin/../lib/gcc/xtensa-esp-elf/14.2.0/esp32s3/:/home/sulicat/.espressif/tools/xtensa-esp-elf/esp-14.2.0_20241119/xtensa-esp-elf/bin/../lib/gcc/xtensa-esp-elf/14.2.0/../../../../xtensa-esp-elf/lib/esp32s3/:/home/sulicat/.espressif/tools/xtensa-esp-elf/esp-14.2.0_20241119/xtensa-esp-elf/bin/../xtensa-esp-elf/lib/esp32s3/:/home/sulicat/.espressif/tools/xtensa-esp-elf/esp-14.2.0_20241119/xtensa-esp-elf/bin/../lib/gcc/xtensa-esp-elf/14.2.0/:/home/sulicat/.espressif/tools/xtensa-esp-elf/esp-14.2.0_20241119/xtensa-esp-elf/bin/../lib/gcc/:/home/sulicat/.espressif/tools/xtensa-esp-elf/esp-14.2.0_20241119/xtensa-esp-elf/bin/../lib/gcc/xtensa-esp-elf/14.2.0/../../../../xtensa-esp-elf/lib/:/home/sulicat/.espressif/tools/xtensa-esp-elf/esp-14.2.0_20241119/xtensa-esp-elf/bin/../xtensa-esp-elf/lib/:/home/sulicat/.espressif/tools/xtensa-esp-elf/esp-14.2.0_20241119/xtensa-esp-elf/bin/../xtensa-esp-elf/usr/lib/]
  ignore line: [COLLECT_GCC_OPTIONS='-mdynconfig=xtensa_esp32s3.so' '-mlongcalls' '-fno-builtin-memcpy' '-fno-builtin-memset' '-fno-builtin-bzero' '-fno-builtin-stpcpy' '-fno-builtin-strncpy' '-nostartfiles' '-v' '-o' 'cmTC_0d2f2' '-dumpdir' 'cmTC_0d2f2.']
  link line: [ /home/sulicat/.espressif/tools/xtensa-esp-elf/esp-14.2.0_20241119/xtensa-esp-elf/bin/../libexec/gcc/xtensa-esp-elf/14.2.0/collect2 -plugin /home/sulicat/.espressif/tools/xtensa-esp-elf/esp-14.2.0_20241119/xtensa-esp-elf/bin/../libexec/gcc/xtensa-esp-elf/14.2.0/liblto_plugin.so -plugin-opt=/home/sulicat/.espressif/tools/xtensa-esp-elf/esp-14.2.0_20241119/xtensa-esp-elf/bin/../libexec/gcc/xtensa-esp-elf/14.2.0/lto-wrapper -plugin-opt=-fresolution=/tmp/ccHx25Ah.res -plugin-opt=-pass-through=-lgcc -plugin-opt=-pass-through=-lc -plugin-opt=-pass-through=-lnosys -plugin-opt=-pass-through=-lc -plugin-opt=-pass-through=-lgcc --sysroot=/home/sulicat/.espressif/tools/xtensa-esp-elf/esp-14.2.0_20241119/xtensa-esp-elf/bin/../xtensa-esp-elf --dynconfig=xtensa_esp32s3.so -o cmTC_0d2f2 -L/home/sulicat/.espressif/tools/xtensa-esp-elf/esp-14.2.0_20241119/xtensa-esp-elf/bin/../lib/gcc/xtensa-esp-elf/14.2.0/esp32s3 -L/home/sulicat/.espressif/tools/xtensa-esp-elf/esp-14.2.0_20241119/xtensa-esp-elf/bin/../lib/gcc/xtensa-esp-elf/14.2.0/../../../../xtensa-esp-elf/lib/esp32s3 -L/home/sulicat/.espressif/tools/xtensa-esp-elf/esp-14.2.0_20241119/xtensa-esp-elf/bin/../xtensa-esp-elf/lib/esp32s3 -L/home/sulicat/.espressif/tools/xtensa-esp-elf/esp-14.2.0_20241119/xtensa-esp-elf/bin/../lib/gcc/xtensa-esp-elf/14.2.0 -L/home/sulicat/.espressif/tools/xtensa-esp-elf/esp-14.2.0_20241119/xtensa-esp-elf/bin/../lib/gcc -L/home/sulicat/.espressif/tools/xtensa-esp-elf/esp-14.2.0_20241119/xtensa-esp-elf/bin/../lib/gcc/xtensa-esp-elf/14.2.0/../../../../xtensa-esp-elf/lib -L/home/sulicat/.espressif/tools/xtensa-esp-elf/esp-14.2.0_20241119/xtensa-esp-elf/bin/../xtensa-esp-elf/lib -L/home/sulicat/.espressif/tools/xtensa-esp-elf/esp-14.2.0_20241119/xtensa-esp-elf/bin/../xtensa-esp-elf/usr/lib CMakeFiles/cmTC_0d2f2.dir/CMakeCXXCompilerABI.cpp.obj -lstdc++ -lm -lgcc -lc -lnosys -lc -lgcc]
    arg [/home/sulicat/.espressif/tools/xtensa-esp-elf/esp-14.2.0_20241119/xtensa-esp-elf/bin/../libexec/gcc/xtensa-esp-elf/14.2.0/collect2] ==> ignore
    arg [-plugin] ==> ignore
    arg [/home/sulicat/.espressif/tools/xtensa-esp-elf/esp-14.2.0_20241119/xtensa-esp-elf/bin/../libexec/gcc/xtensa-esp-elf/14.2.0/liblto_plugin.so] ==> ignore
    arg [-plugin-opt=/home/sulicat/.espressif/tools/xtensa-esp-elf/esp-14.2.0_20241119/xtensa-esp-elf/bin/../libexec/gcc/xtensa-esp-elf/14.2.0/lto-wrapper] ==> ignore
    arg [-plugin-opt=-fresolution=/tmp/ccHx25Ah.res] ==> ignore
    arg [-plugin-opt=-pass-through=-lgcc] ==> ignore
    arg [-plugin-opt=-pass-through=-lc] ==> ignore
    arg [-plugin-opt=-pass-through=-lnosys] ==> ignore
    arg [-plugin-opt=-pass-through=-lc] ==> ignore
    arg [-plugin-opt=-pass-through=-lgcc] ==> ignore
    arg [--sysroot=/home/sulicat/.espressif/tools/xtensa-esp-elf/esp-14.2.0_20241119/xtensa-esp-elf/bin/../xtensa-esp-elf] ==> ignore
    arg [--dynconfig=xtensa_esp32s3.so] ==> ignore
    arg [-o] ==> ignore
    arg [cmTC_0d2f2] ==> ignore
    arg [-L/home/sulicat/.espressif/tools/xtensa-esp-elf/esp-14.2.0_20241119/xtensa-esp-elf/bin/../lib/gcc/xtensa-esp-elf/14.2.0/esp32s3] ==> dir [/home/sulicat/.espressif/tools/xtensa-esp-elf/esp-14.2.0_20241119/xtensa-esp-elf/bin/../lib/gcc/xtensa-esp-elf/14.2.0/esp32s3]
    arg [-L/home/sulicat/.espressif/tools/xtensa-esp-elf/esp-14.2.0_20241119/xtensa-esp-elf/bin/../lib/gcc/xtensa-esp-elf/14.2.0/../../../../xtensa-esp-elf/lib/esp32s3] ==> dir [/home/sulicat/.espressif/tools/xtensa-esp-elf/esp-14.2.0_20241119/xtensa-esp-elf/bin/../lib/gcc/xtensa-esp-elf/14.2.0/../../../../xtensa-esp-elf/lib/esp32s3]
    arg [-L/home/sulicat/.espressif/tools/xtensa-esp-elf/esp-14.2.0_20241119/xtensa-esp-elf/bin/../xtensa-esp-elf/lib/esp32s3] ==> dir [/home/sulicat/.espressif/tools/xtensa-esp-elf/esp-14.2.0_20241119/xtensa-esp-elf/bin/../xtensa-esp-elf/lib/esp32s3]
    arg [-L/home/sulicat/.espressif/tools/xtensa-esp-elf/esp-14.2.0_20241119/xtensa-esp-elf/bin/../lib/gcc/xtensa-esp-elf/14.2.0] ==> dir [/home/sulicat/.espressif/tools/xtensa-esp-elf/esp-14.2.0_20241119/xtensa-esp-elf/bin/../lib/gcc/xtensa-esp-elf/14.2.0]
    arg [-L/home/sulicat/.espressif/tools/xtensa-esp-elf/esp-14.2.0_20241119/xtensa-esp-elf/bin/../lib/gcc] ==> dir [/home/sulicat/.espressif/tools/xtensa-esp-elf/esp-14.2.0_20241119/xtensa-esp-elf/bin/../lib/gcc]
    arg [-L/home/sulicat/.espressif/tools/xtensa-esp-elf/esp-14.2.0_20241119/xtensa-esp-elf/bin/../lib/gcc/xtensa-esp-elf/14.2.0/../../../../xtensa-esp-elf/lib] ==> dir [/home/sulicat/.espressif/tools/xtensa-esp-elf/esp-14.2.0_20241119/xtensa-esp-elf/bin/../lib/gcc/xtensa-esp-elf/14.2.0/../../../../xtensa-esp-elf/lib]
    arg [-L/home/sulicat/.espressif/tools/xtensa-esp-elf/esp-14.2.0_20241119/xtensa-esp-elf/bin/../xtensa-esp-elf/lib] ==> dir [/home/sulicat/.espressif/tools/xtensa-esp-elf/esp-14.2.0_20241119/xtensa-esp-elf/bin/../xtensa-esp-elf/lib]
    arg [-L/home/sulicat/.espressif/tools/xtensa-esp-elf/esp-14.2.0_20241119/xtensa-esp-elf/bin/../xtensa-esp-elf/usr/lib] ==> dir [/home/sulicat/.espressif/tools/xtensa-esp-elf/esp-14.2.0_20241119/xtensa-esp-elf/bin/../xtensa-esp-elf/usr/lib]
    arg [CMakeFiles/cmTC_0d2f2.dir/CMakeCXXCompilerABI.cpp.obj] ==> ignore
    arg [-lstdc++] ==> lib [stdc++]
    arg [-lm] ==> lib [m]
    arg [-lgcc] ==> lib [gcc]
    arg [-lc] ==> lib [c]
    arg [-lnosys] ==> lib [nosys]
    arg [-lc] ==> lib [c]
    arg [-lgcc] ==> lib [gcc]
  collapse library dir [/home/sulicat/.espressif/tools/xtensa-esp-elf/esp-14.2.0_20241119/xtensa-esp-elf/bin/../lib/gcc/xtensa-esp-elf/14.2.0/esp32s3] ==> [/home/sulicat/.espressif/tools/xtensa-esp-elf/esp-14.2.0_20241119/xtensa-esp-elf/lib/gcc/xtensa-esp-elf/14.2.0/esp32s3]
  collapse library dir [/home/sulicat/.espressif/tools/xtensa-esp-elf/esp-14.2.0_20241119/xtensa-esp-elf/bin/../lib/gcc/xtensa-esp-elf/14.2.0/../../../../xtensa-esp-elf/lib/esp32s3] ==> [/home/sulicat/.espressif/tools/xtensa-esp-elf/esp-14.2.0_20241119/xtensa-esp-elf/xtensa-esp-elf/lib/esp32s3]
  collapse library dir [/home/sulicat/.espressif/tools/xtensa-esp-elf/esp-14.2.0_20241119/xtensa-esp-elf/bin/../xtensa-esp-elf/lib/esp32s3] ==> [/home/sulicat/.espressif/tools/xtensa-esp-elf/esp-14.2.0_20241119/xtensa-esp-elf/xtensa-esp-elf/lib/esp32s3]
  collapse library dir [/home/sulicat/.espressif/tools/xtensa-esp-elf/esp-14.2.0_20241119/xtensa-esp-elf/bin/../lib/gcc/xtensa-esp-elf/14.2.0] ==> [/home/sulicat/.espressif/tools/xtensa-esp-elf/esp-14.2.0_20241119/xtensa-esp-elf/lib/gcc/xtensa-esp-elf/14.2.0]
  collapse library dir [/home/sulicat/.espressif/tools/xtensa-esp-elf/esp-14.2.0_20241119/xtensa-esp-elf/bin/../lib/gcc] ==> [/home/sulicat/.espressif/tools/xtensa-esp-elf/esp-14.2.0_20241119/xtensa-esp-elf/lib/gcc]
  collapse library dir [/home/sulicat/.espressif/tools/xtensa-esp-elf/esp-14.2.0_20241119/xtensa-esp-elf/bin/../lib/gcc/xtensa-esp-elf/14.2.0/../../../../xtensa-esp-elf/lib] ==> [/home/sulicat/.espressif/tools/xtensa-esp-elf/esp-14.2.0_20241119/xtensa-esp-elf/xtensa-esp-elf/lib]
  collapse library dir [/home/sulicat/.espressif/tools/xtensa-esp-elf/esp-14.2.0_20241119/xtensa-esp-elf/bin/../xtensa-esp-elf/lib] ==> [/home/sulicat/.espressif/tools/xtensa-esp-elf/esp-14.2.0_20241119/xtensa-esp-elf/xtensa-esp-elf/lib]
  collapse library dir [/home/sulicat/.espressif/tools/xtensa-esp-elf/esp-14.2.0_20241119/xtensa-esp-elf/bin/../xtensa-esp-elf/usr/lib] ==> [/home/sulicat/.espressif/tools/xtensa-esp-elf/esp-14.2.0_20241119/xtensa-esp-elf/xtensa-esp-elf/usr/lib]
  implicit libs: [stdc++;m;gcc;c;nosys;c;gcc]
  implicit objs: []
  implicit dirs: [/home/sulicat/.espressif/tools/xtensa-esp-elf/esp-14.2.0_20241119/xtensa-esp-elf/lib/gcc/xtensa-esp-elf/14.2.0/esp32s3;/home/sulicat/.espressif/tools/xtensa-esp-elf/esp-14.2.0_20241119/xtensa-esp-elf/xtensa-esp-elf/lib/esp32s3;/home/sulicat/.espressif/tools/xtensa-esp-elf/esp-14.2.0_20241119/xtensa-esp-elf/lib/gcc/xtensa-esp-elf/14.2.0;/home/sulicat/.espressif/tools/xtensa-esp-elf/esp-14.2.0_20241119/xtensa-esp-elf/lib/gcc;/home/sulicat/.espressif/tools/xtensa-esp-elf/esp-14.2.0_20241119/xtensa-esp-elf/xtensa-esp-elf/lib;/home/sulicat/.espressif/tools/xtensa-esp-elf/esp-14.2.0_20241119/xtensa-esp-elf/xtensa-esp-elf/usr/lib]
  implicit fwks: []


Determining if the include file pthread.h exists passed with the following output:
Change Dir: /home/sulicat/git/hardware/ReMapper/software/ESP32/ReMapper/build/CMakeFiles/CMakeTmp

Run Build Command(s):/usr/bin/ninja cmTC_edd2c && [1/2] Building C object CMakeFiles/cmTC_edd2c.dir/CheckIncludeFile.c.obj
[2/2] Linking C executable cmTC_edd2c
/home/sulicat/.espressif/tools/xtensa-esp-elf/esp-14.2.0_20241119/xtensa-esp-elf/bin/../lib/gcc/xtensa-esp-elf/14.2.0/../../../../xtensa-esp-elf/bin/ld: warning: cannot find entry symbol _start; defaulting to 00400054



Performing C SOURCE FILE Test CMAKE_HAVE_LIBC_PTHREAD succeeded with the following output:
Change Dir: /home/sulicat/git/hardware/ReMapper/software/ESP32/ReMapper/build/CMakeFiles/CMakeTmp

Run Build Command(s):/usr/bin/ninja cmTC_d4eff && [1/2] Building C object CMakeFiles/cmTC_d4eff.dir/src.c.obj
[2/2] Linking C executable cmTC_d4eff
/home/sulicat/.espressif/tools/xtensa-esp-elf/esp-14.2.0_20241119/xtensa-esp-elf/bin/../lib/gcc/xtensa-esp-elf/14.2.0/../../../../xtensa-esp-elf/bin/ld: CMakeFiles/cmTC_d4eff.dir/src.c.obj:(.literal+0x14): warning: pthread_atfork is not implemented and will always fail
/home/sulicat/.espressif/tools/xtensa-esp-elf/esp-14.2.0_20241119/xtensa-esp-elf/bin/../lib/gcc/xtensa-esp-elf/14.2.0/../../../../xtensa-esp-elf/bin/ld: CMakeFiles/cmTC_d4eff.dir/src.c.obj:(.literal+0xc): warning: pthread_cancel is not implemented and will always fail
/home/sulicat/.espressif/tools/xtensa-esp-elf/esp-14.2.0_20241119/xtensa-esp-elf/bin/../lib/gcc/xtensa-esp-elf/14.2.0/../../../../xtensa-esp-elf/bin/ld: CMakeFiles/cmTC_d4eff.dir/src.c.obj:(.literal+0x4): warning: pthread_create is not implemented and will always fail
/home/sulicat/.espressif/tools/xtensa-esp-elf/esp-14.2.0_20241119/xtensa-esp-elf/bin/../lib/gcc/xtensa-esp-elf/14.2.0/../../../../xtensa-esp-elf/bin/ld: CMakeFiles/cmTC_d4eff.dir/src.c.obj:(.literal+0x8): warning: pthread_detach is not implemented and will always fail
/home/sulicat/.espressif/tools/xtensa-esp-elf/esp-14.2.0_20241119/xtensa-esp-elf/bin/../lib/gcc/xtensa-esp-elf/14.2.0/../../../../xtensa-esp-elf/bin/ld: CMakeFiles/cmTC_d4eff.dir/src.c.obj:(.literal+0x18): warning: pthread_exit is not implemented and will always fail
/home/sulicat/.espressif/tools/xtensa-esp-elf/esp-14.2.0_20241119/xtensa-esp-elf/bin/../lib/gcc/xtensa-esp-elf/14.2.0/../../../../xtensa-esp-elf/bin/ld: CMakeFiles/cmTC_d4eff.dir/src.c.obj:(.literal+0x10): warning: pthread_join is not implemented and will always fail
/home/sulicat/.espressif/tools/xtensa-esp-elf/esp-14.2.0_20241119/xtensa-esp-elf/bin/../lib/gcc/xtensa-esp-elf/14.2.0/../../../../xtensa-esp-elf/bin/ld: warning: cannot find entry symbol _start; defaulting to 00400054


Source file was:
#include <pthread.h>

static void* test_func(void* data)
{
  return data;
}

int main(void)
{
  pthread_t thread;
  pthread_create(&thread, NULL, test_func, NULL);
  pthread_detach(thread);
  pthread_cancel(thread);
  pthread_join(thread, NULL);
  pthread_atfork(NULL, NULL, NULL);
  pthread_exit(NULL);

  return 0;
}

Performing C SOURCE FILE Test C_COMPILER_SUPPORTS_WFORMAT_SIGNEDNESS succeeded with the following output:
Change Dir: /home/sulicat/git/hardware/ReMapper/software/ESP32/ReMapper/build/CMakeFiles/CMakeTmp

Run Build Command(s):/usr/bin/ninja cmTC_51305 && [1/2] Building C object CMakeFiles/cmTC_51305.dir/src.c.obj
[2/2] Linking C executable cmTC_51305
/home/sulicat/.espressif/tools/xtensa-esp-elf/esp-14.2.0_20241119/xtensa-esp-elf/bin/../lib/gcc/xtensa-esp-elf/14.2.0/../../../../xtensa-esp-elf/bin/ld: warning: cannot find entry symbol _start; defaulting to 00400054


Source file was:
int main(void) { return 0; }
Compiling the C compiler identification source file "CMakeCCompilerId.c" succeeded.
Compiler: /home/sulicat/.espressif/tools/xtensa-esp-elf/esp-14.2.0_20241119/xtensa-esp-elf/bin/xtensa-esp32s3-elf-gcc 
Build flags: -mlongcalls;;-fno-builtin-memcpy;-fno-builtin-memset;-fno-builtin-bzero;-fno-builtin-stpcpy;-fno-builtin-strncpy
Id flags:  

The output was:
0


Compilation of the C compiler identification source "CMakeCCompilerId.c" produced "a.out"

The C compiler identification is GNU, found in "/home/sulicat/git/hardware/ReMapper/software/ESP32/ReMapper/build/CMakeFiles/3.22.1/CompilerIdC/a.out"

Compiling the CXX compiler identification source file "CMakeCXXCompilerId.cpp" succeeded.
Compiler: /home/sulicat/.espressif/tools/xtensa-esp-elf/esp-14.2.0_20241119/xtensa-esp-elf/bin/xtensa-esp32s3-elf-g++ 
Build flags: -mlongcalls;;-fno-builtin-memcpy;-fno-builtin-memset;-fno-builtin-bzero;-fno-builtin-stpcpy;-fno-builtin-strncpy
Id flags:  

The output was:
0


Compilation of the CXX compiler identification source "CMakeCXXCompilerId.cpp" produced "a.out"

The CXX compiler identification is GNU, found in "/home/sulicat/git/hardware/ReMapper/software/ESP32/ReMapper/build/CMakeFiles/3.22.1/CompilerIdCXX/a.out"

Detecting C compiler ABI info compiled with the following output:
Change Dir: /home/sulicat/git/hardware/ReMapper/software/ESP32/ReMapper/build/CMakeFiles/CMakeTmp

Run Build Command(s):/usr/bin/ninja cmTC_c68ae && [1/2] Building C object CMakeFiles/cmTC_c68ae.dir/CMakeCCompilerABI.c.obj
Using built-in specs.
COLLECT_GCC=/home/sulicat/.espressif/tools/xtensa-esp-elf/esp-14.2.0_20241119/xtensa-esp-elf/bin/xtensa-esp-elf-gcc
Target: xtensa-esp-elf
Configured with: /builds/idf/crosstool-NG/.build/xtensa-esp-elf/src/gcc/configure --build=x86_64-build_pc-linux-gnu --host=x86_64-build_pc-linux-gnu --target=xtensa-esp-elf --prefix=/builds/idf/crosstool-NG/builds/xtensa-esp-elf --exec_prefix=/builds/idf/crosstool-NG/builds/xtensa-esp-elf --with-local-prefix=/builds/idf/crosstool-NG/builds/xtensa-esp-elf/xtensa-esp-elf --with-sysroot=/builds/idf/crosstool-NG/builds/xtensa-esp-elf/xtensa-esp-elf --with-native-system-header-dir=/include --with-newlib --enable-threads=no --disable-shared --with-pkgversion='crosstool-NG esp-14.2.0_20241119' --disable-__cxa_atexit --enable-cxx-flags=-ffunction-sections --disable-libgomp --disable-libmudflap --disable-libmpx --disable-libssp --disable-libquadmath --disable-libquadmath-support --disable-libstdcxx-verbose --with-gmp=/builds/idf/crosstool-NG/.build/xtensa-esp-elf/buildtools --with-mpfr=/builds/idf/crosstool-NG/.build/xtensa-esp-elf/buildtools --with-mpc=/builds/idf/crosstool-NG/.build/xtensa-esp-elf/buildtools --with-isl=/builds/idf/crosstool-NG/.build/xtensa-esp-elf/buildtools --enable-lto --enable-target-optspace --without-long-double-128 --disable-nls --enable-multiarch --enable-languages=c,c++ --disable-libstdcxx-verbose --enable-threads=posix --enable-gcov-custom-rtio --enable-libstdcxx-time=yes
Thread model: posix
Supported LTO compression algorithms: zlib zstd
gcc version 14.2.0 (crosstool-NG esp-14.2.0_20241119) 
COLLECT_GCC_OPTIONS='-mdynconfig=xtensa_esp32s3.so' '-mlongcalls' '-fno-builtin-memcpy' '-fno-builtin-memset' '-fno-builtin-bzero' '-fno-builtin-stpcpy' '-fno-builtin-strncpy' '-v' '-o' 'CMakeFiles/cmTC_c68ae.dir/CMakeCCompilerABI.c.obj' '-c' '-dumpdir' 'CMakeFiles/cmTC_c68ae.dir/'
 /home/sulicat/.espressif/tools/xtensa-esp-elf/esp-14.2.0_20241119/xtensa-esp-elf/bin/../libexec/gcc/xtensa-esp-elf/14.2.0/cc1 -quiet -v -imultilib esp32s3 -iprefix /home/sulicat/.espressif/tools/xtensa-esp-elf/esp-14.2.0_20241119/xtensa-esp-elf/bin/../lib/gcc/xtensa-esp-elf/14.2.0/ -isysroot /home/sulicat/.espressif/tools/xtensa-esp-elf/esp-14.2.0_20241119/xtensa-esp-elf/bin/../xtensa-esp-elf /usr/share/cmake-3.22/Modules/CMakeCCompilerABI.c -quiet -dumpdir CMakeFiles/cmTC_c68ae.dir/ -dumpbase CMakeCCompilerABI.c.c -dumpbase-ext .c -mdynconfig=xtensa_esp32s3.so -mlongcalls -version -fno-builtin-memcpy -fno-builtin-memset -fno-builtin-bzero -fno-builtin-stpcpy -fno-builtin-strncpy -o /tmp/ccbt8eeQ.s
GNU C17 (crosstool-NG esp-14.2.0_20241119) version 14.2.0 (xtensa-esp-elf)
	compiled by GNU C version 4.9.2, GMP version 6.2.1, MPFR version 4.2.1, MPC version 1.2.1, isl version isl-0.26-GMP

GGC heuristics: --param ggc-min-expand=100 --param ggc-min-heapsize=131072
ignoring duplicate directory "/home/sulicat/.espressif/tools/xtensa-esp-elf/esp-14.2.0_20241119/xtensa-esp-elf/bin/../lib/gcc/../../lib/gcc/xtensa-esp-elf/14.2.0/include"
ignoring nonexistent directory "/home/sulicat/.espressif/tools/xtensa-esp-elf/esp-14.2.0_20241119/xtensa-esp-elf/bin/../xtensa-esp-elf/builds/idf/crosstool-NG/builds/xtensa-esp-elf/xtensa-esp-elf/include"
ignoring duplicate directory "/home/sulicat/.espressif/tools/xtensa-esp-elf/esp-14.2.0_20241119/xtensa-esp-elf/bin/../lib/gcc/../../lib/gcc/xtensa-esp-elf/14.2.0/include-fixed"
ignoring duplicate directory "/home/sulicat/.espressif/tools/xtensa-esp-elf/esp-14.2.0_20241119/xtensa-esp-elf/bin/../lib/gcc/../../lib/gcc/xtensa-esp-elf/14.2.0/../../../../xtensa-esp-elf/include"
ignoring duplicate directory "/home/sulicat/.espressif/tools/xtensa-esp-elf/esp-14.2.0_20241119/xtensa-esp-elf/bin/../xtensa-esp-elf/include"
#include "..." search starts here:
#include <...> search starts here:
 /home/sulicat/.espressif/tools/xtensa-esp-elf/esp-14.2.0_20241119/xtensa-esp-elf/bin/../lib/gcc/xtensa-esp-elf/14.2.0/include
 /home/sulicat/.espressif/tools/xtensa-esp-elf/esp-14.2.0_20241119/xtensa-esp-elf/bin/../lib/gcc/xtensa-esp-elf/14.2.0/include-fixed
 /home/sulicat/.espressif/tools/xtensa-esp-elf/esp-14.2.0_20241119/xtensa-esp-elf/bin/../lib/gcc/xtensa-esp-elf/14.2.0/../../../../xtensa-esp-elf/include
End of search list.
Compiler executable checksum: 81174f71db4416537376b4420f5c69fd
COLLECT_GCC_OPTIONS='-mdynconfig=xtensa_esp32s3.so' '-mlongcalls' '-fno-builtin-memcpy' '-fno-builtin-memset' '-fno-builtin-bzero' '-fno-builtin-stpcpy' '-fno-builtin-strncpy' '-v' '-o' 'CMakeFiles/cmTC_c68ae.dir/CMakeCCompilerABI.c.obj' '-c' '-dumpdir' 'CMakeFiles/cmTC_c68ae.dir/'
 /home/sulicat/.espressif/tools/xtensa-esp-elf/esp-14.2.0_20241119/xtensa-esp-elf/bin/../lib/gcc/xtensa-esp-elf/14.2.0/../../../../xtensa-esp-elf/bin/as --traditional-format --longcalls --dynconfig=xtensa_esp32s3.so -o CMakeFiles/cmTC_c68ae.dir/CMakeCCompilerABI.c.obj /tmp/ccbt8eeQ.s
COMPILER_PATH=/home/sulicat/.espressif/tools/xtensa-esp-elf/esp-14.2.0_20241119/xtensa-esp-elf/bin/../libexec/gcc/xtensa-esp-elf/14.2.0/:/home/sulicat/.espressif/tools/xtensa-esp-elf/esp-14.2.0_20241119/xtensa-esp-elf/bin/../libexec/gcc/:/home/sulicat/.espressif/tools/xtensa-esp-elf/esp-14.2.0_20241119/xtensa-esp-elf/bin/../lib/gcc/xtensa-esp-elf/14.2.0/../../../../xtensa-esp-elf/bin/
LIBRARY_PATH=/home/sulicat/.espressif/tools/xtensa-esp-elf/esp-14.2.0_20241119/xtensa-esp-elf/bin/../lib/gcc/xtensa-esp-elf/14.2.0/esp32s3/:/home/sulicat/.espressif/tools/xtensa-esp-elf/esp-14.2.0_20241119/xtensa-esp-elf/bin/../lib/gcc/xtensa-esp-elf/14.2.0/../../../../xtensa-esp-elf/lib/esp32s3/:/home/sulicat/.espressif/tools/xtensa-esp-elf/esp-14.2.0_20241119/xtensa-esp-elf/bin/../xtensa-esp-elf/lib/esp32s3/:/home/sulicat/.espressif/tools/xtensa-esp-elf/esp-14.2.0_20241119/xtensa-esp-elf/bin/../lib/gcc/xtensa-esp-elf/14.2.0/:/home/sulicat/.espressif/tools/xtensa-esp-elf/esp-14.2.0_20241119/xtensa-esp-elf/bin/../lib/gcc/:/home/sulicat/.espressif/tools/xtensa-esp-elf/esp-14.2.0_20241119/xtensa-esp-elf/bin/../lib/gcc/xtensa-esp-elf/14.2.0/../../../../xtensa-esp-elf/lib/:/home/sulicat/.espressif/tools/xtensa-esp-elf/esp-14.2.0_20241119/xtensa-esp-elf/bin/../xtensa-esp-elf/lib/:/home/sulicat/.espressif/tools/xtensa-esp-elf/esp-14.2.0_20241119/xtensa-esp-elf/bin/../xtensa-esp-elf/usr/lib/
COLLECT_GCC_OPTIONS='-mdynconfig=xtensa_esp32s3.so' '-mlongcalls' '-fno-builtin-memcpy' '-fno-builtin-memset' '-fno-builtin-bzero' '-fno-builtin-stpcpy' '-fno-builtin-strncpy' '-v' '-o' 'CMakeFiles/cmTC_c68ae.dir/CMakeCCompilerABI.c.obj' '-c' '-dumpdir' 'CMakeFiles/cmTC_c68ae.dir/CMakeCCompilerABI.c.'
[2/2] Linking C executable cmTC_c68ae
Using built-in specs.
COLLECT_GCC=/home/sulicat/.espressif/tools/xtensa-esp-elf/esp-14.2.0_20241119/xtensa-esp-elf/bin/xtensa-esp-elf-gcc
COLLECT_LTO_WRAPPER=/home/sulicat/.espressif/tools/xtensa-esp-elf/esp-14.2.0_20241119/xtensa-esp-elf/bin/../libexec/gcc/xtensa-esp-elf/14.2.0/lto-wrapper
Target: xtensa-esp-elf
Configured with: /builds/idf/crosstool-NG/.build/xtensa-esp-elf/src/gcc/configure --build=x86_64-build_pc-linux-gnu --host=x86_64-build_pc-linux-gnu --target=xtensa-esp-elf --prefix=/builds/idf/crosstool-NG/builds/xtensa-esp-elf --exec_prefix=/builds/idf/crosstool-NG/builds/xtensa-esp-elf --with-local-prefix=/builds/idf/crosstool-NG/builds/xtensa-esp-elf/xtensa-esp-elf --with-sysroot=/builds/idf/crosstool-NG/builds/xtensa-esp-elf/xtensa-esp-elf --with-native-system-header-dir=/include --with-newlib --enable-threads=no --disable-shared --with-pkgversion='crosstool-NG esp-14.2.0_20241119' --disable-__cxa_atexit --enable-cxx-flags=-ffunction-sections --disable-libgomp --disable-libmudflap --disable-libmpx --disable-libssp --disable-libquadmath --disable-libquadmath-support --disable-libstdcxx-verbose --with-gmp=/builds/idf/crosstool-NG/.build/xtensa-esp-elf/buildtools --with-mpfr=/builds/idf/crosstool-NG/.build/xtensa-esp-elf/buildtools --with-mpc=/builds/idf/crosstool-NG/.build/xtensa-esp-elf/buildtools --with-isl=/builds/idf/crosstool-NG/.build/xtensa-esp-elf/buildtools --enable-lto --enable-target-optspace --without-long-double-128 --disable-nls --enable-multiarch --enable-languages=c,c++ --disable-libstdcxx-verbose --enable-threads=posix --enable-gcov-custom-rtio --enable-libstdcxx-time=yes
Thread model: posix
Supported LTO compression algorithms: zlib zstd
gcc version 14.2.0 (crosstool-NG esp-14.2.0_20241119) 
COMPILER_PATH=/home/sulicat/.espressif/tools/xtensa-esp-elf/esp-14.2.0_20241119/xtensa-esp-elf/bin/../libexec/gcc/xtensa-esp-elf/14.2.0/:/home/sulicat/.espressif/tools/xtensa-esp-elf/esp-14.2.0_20241119/xtensa-esp-elf/bin/../libexec/gcc/:/home/sulicat/.espressif/tools/xtensa-esp-elf/esp-14.2.0_20241119/xtensa-esp-elf/bin/../lib/gcc/xtensa-esp-elf/14.2.0/../../../../xtensa-esp-elf/bin/
LIBRARY_PATH=/home/sulicat/.espressif/tools/xtensa-esp-elf/esp-14.2.0_20241119/xtensa-esp-elf/bin/../lib/gcc/xtensa-esp-elf/14.2.0/esp32s3/:/home/sulicat/.espressif/tools/xtensa-esp-elf/esp-14.2.0_20241119/xtensa-esp-elf/bin/../lib/gcc/xtensa-esp-elf/14.2.0/../../../../xtensa-esp-elf/lib/esp32s3/:/home/sulicat/.espressif/tools/xtensa-esp-elf/esp-14.2.0_20241119/xtensa-esp-elf/bin/../xtensa-esp-elf/lib/esp32s3/:/home/sulicat/.espressif/tools/xtensa-esp-elf/esp-14.2.0_20241119/xtensa-esp-elf/bin/../lib/gcc/xtensa-esp-elf/14.2.0/:/home/sulicat/.espressif/tools/xtensa-esp-elf/esp-14.2.0_20241119/xtensa-esp-elf/bin/../lib/gcc/:/home/sulicat/.espressif/tools/xtensa-esp-elf/esp-14.2.0_20241119/xtensa-esp-elf/bin/../lib/gcc/xtensa-esp-elf/14.2.0/../../../../xtensa-esp-elf/lib/:/home/sulicat/.espressif/tools/xtensa-esp-elf/esp-14.2.0_20241119/xtensa-esp-elf/bin/../xtensa-esp-elf/lib/:/home/sulicat/.espressif/tools/xtensa-esp-elf/esp-14.2.0_20241119/xtensa-esp-elf/bin/../xtensa-esp-elf/usr/lib/
COLLECT_GCC_OPTIONS='-mdynconfig=xtensa_esp32s3.so' '-mlongcalls' '-fno-builtin-memcpy' '-fno-builtin-memset' '-fno-builtin-bzero' '-fno-builtin-stpcpy' '-fno-builtin-strncpy' '-nostartfiles' '-v' '-o' 'cmTC_c68ae' '-dumpdir' 'cmTC_c68ae.'
 /home/sulicat/.espressif/tools/xtensa-esp-elf/esp-14.2.0_20241119/xtensa-esp-elf/bin/../libexec/gcc/xtensa-esp-elf/14.2.0/collect2 -plugin /home/sulicat/.espressif/tools/xtensa-esp-elf/esp-14.2.0_20241119/xtensa-esp-elf/bin/../libexec/gcc/xtensa-esp-elf/14.2.0/liblto_plugin.so -plugin-opt=/home/sulicat/.espressif/tools/xtensa-esp-elf/esp-14.2.0_20241119/xtensa-esp-elf/bin/../libexec/gcc/xtensa-esp-elf/14.2.0/lto-wrapper -plugin-opt=-fresolution=/tmp/ccE0K2nm.res -plugin-opt=-pass-through=-lgcc -plugin-opt=-pass-through=-lc -plugin-opt=-pass-through=-lnosys -plugin-opt=-pass-through=-lc -plugin-opt=-pass-through=-lgcc --sysroot=/home/sulicat/.espressif/tools/xtensa-esp-elf/esp-14.2.0_20241119/xtensa-esp-elf/bin/../xtensa-esp-elf --dynconfig=xtensa_esp32s3.so -o cmTC_c68ae -L/home/sulicat/.espressif/tools/xtensa-esp-elf/esp-14.2.0_20241119/xtensa-esp-elf/bin/../lib/gcc/xtensa-esp-elf/14.2.0/esp32s3 -L/home/sulicat/.espressif/tools/xtensa-esp-elf/esp-14.2.0_20241119/xtensa-esp-elf/bin/../lib/gcc/xtensa-esp-elf/14.2.0/../../../../xtensa-esp-elf/lib/esp32s3 -L/home/sulicat/.espressif/tools/xtensa-esp-elf/esp-14.2.0_20241119/xtensa-esp-elf/bin/../xtensa-esp-elf/lib/esp32s3 -L/home/sulicat/.espressif/tools/xtensa-esp-elf/esp-14.2.0_20241119/xtensa-esp-elf/bin/../lib/gcc/xtensa-esp-elf/14.2.0 -L/home/sulicat/.espressif/tools/xtensa-esp-elf/esp-14.2.0_20241119/xtensa-esp-elf/bin/../lib/gcc -L/home/sulicat/.espressif/tools/xtensa-esp-elf/esp-14.2.0_20241119/xtensa-esp-elf/bin/../lib/gcc/xtensa-esp-elf/14.2.0/../../../../xtensa-esp-elf/lib -L/home/sulicat/.espressif/tools/xtensa-esp-elf/esp-14.2.0_20241119/xtensa-esp-elf/bin/../xtensa-esp-elf/lib -L/home/sulicat/.espressif/tools/xtensa-esp-elf/esp-14.2.0_20241119/xtensa-esp-elf/bin/../xtensa-esp-elf/usr/lib CMakeFiles/cmTC_c68ae.dir/CMakeCCompilerABI.c.obj -lgcc -lc -lnosys -lc -lgcc
/home/sulicat/.espressif/tools/xtensa-esp-elf/esp-14.2.0_20241119/xtensa-esp-elf/bin/../lib/gcc/xtensa-esp-elf/14.2.0/../../../../xtensa-esp-elf/bin/ld: warning: cannot find entry symbol _start; defaulting to 00400054
COLLECT_GCC_OPTIONS='-mdynconfig=xtensa_esp32s3.so' '-mlongcalls' '-fno-builtin-memcpy' '-fno-builtin-memset' '-fno-builtin-bzero' '-fno-builtin-stpcpy' '-fno-builtin-strncpy' '-nostartfiles' '-v' '-o' 'cmTC_c68ae' '-dumpdir' 'cmTC_c68ae.'



Parsed C implicit include dir info from above output: rv=done
  found start of include info
  found start of implicit include info
    add: [/home/sulicat/.espressif/tools/xtensa-esp-elf/esp-14.2.0_20241119/xtensa-esp-elf/bin/../lib/gcc/xtensa-esp-elf/14.2.0/include]
    add: [/home/sulicat/.espressif/tools/xtensa-esp-elf/esp-14.2.0_20241119/xtensa-esp-elf/bin/../lib/gcc/xtensa-esp-elf/14.2.0/include-fixed]
    add: [/home/sulicat/.espressif/tools/xtensa-esp-elf/esp-14.2.0_20241119/xtensa-esp-elf/bin/../lib/gcc/xtensa-esp-elf/14.2.0/../../../../xtensa-esp-elf/include]
  end of search list found
  collapse include dir [/home/sulicat/.espressif/tools/xtensa-esp-elf/esp-14.2.0_20241119/xtensa-esp-elf/bin/../lib/gcc/xtensa-esp-elf/14.2.0/include] ==> [/home/sulicat/.espressif/tools/xtensa-esp-elf/esp-14.2.0_20241119/xtensa-esp-elf/lib/gcc/xtensa-esp-elf/14.2.0/include]
  collapse include dir [/home/sulicat/.espressif/tools/xtensa-esp-elf/esp-14.2.0_20241119/xtensa-esp-elf/bin/../lib/gcc/xtensa-esp-elf/14.2.0/include-fixed] ==> [/home/sulicat/.espressif/tools/xtensa-esp-elf/esp-14.2.0_20241119/xtensa-esp-elf/lib/gcc/xtensa-esp-elf/14.2.0/include-fixed]
  collapse include dir [/home/sulicat/.espressif/tools/xtensa-esp-elf/esp-14.2.0_20241119/xtensa-esp-elf/bin/../lib/gcc/xtensa-esp-elf/14.2.0/../../../../xtensa-esp-elf/include] ==> [/home/sulicat/.espressif/tools/xtensa-esp-elf/esp-14.2.0_20241119/xtensa-esp-elf/xtensa-esp-elf/include]
  implicit include dirs: [/home/sulicat/.espressif/tools/xtensa-esp-elf/esp-14.2.0_20241119/xtensa-esp-elf/lib/gcc/xtensa-esp-elf/14.2.0/include;/home/sulicat/.espressif/tools/xtensa-esp-elf/esp-14.2.0_20241119/xtensa-esp-elf/lib/gcc/xtensa-esp-elf/14.2.0/include-fixed;/home/sulicat/.espressif/tools/xtensa-esp-elf/esp-14.2.0_20241119/xtensa-esp-elf/xtensa-esp-elf/include]


Parsed C implicit link information from above output:
  link line regex: [^( *|.*[/\])(xtensa-esp32s3-elf-ld|CMAKE_LINK_STARTFILE-NOTFOUND|([^/\]+-)?ld|collect2)[^/\]*( |$)]
  ignore line: [Change Dir: /home/sulicat/git/hardware/ReMapper/software/ESP32/ReMapper/build/CMakeFiles/CMakeTmp]
  ignore line: []
  ignore line: [Run Build Command(s):/usr/bin/ninja cmTC_c68ae && [1/2] Building C object CMakeFiles/cmTC_c68ae.dir/CMakeCCompilerABI.c.obj]
  ignore line: [Using built-in specs.]
  ignore line: [COLLECT_GCC=/home/sulicat/.espressif/tools/xtensa-esp-elf/esp-14.2.0_20241119/xtensa-esp-elf/bin/xtensa-esp-elf-gcc]
  ignore line: [Target: xtensa-esp-elf]
  ignore line: [Configured with: /builds/idf/crosstool-NG/.build/xtensa-esp-elf/src/gcc/configure --build=x86_64-build_pc-linux-gnu --host=x86_64-build_pc-linux-gnu --target=xtensa-esp-elf --prefix=/builds/idf/crosstool-NG/builds/xtensa-esp-elf --exec_prefix=/builds/idf/crosstool-NG/builds/xtensa-esp-elf --with-local-prefix=/builds/idf/crosstool-NG/builds/xtensa-esp-elf/xtensa-esp-elf --with-sysroot=/builds/idf/crosstool-NG/builds/xtensa-esp-elf/xtensa-esp-elf --with-native-system-header-dir=/include --with-newlib --enable-threads=no --disable-shared --with-pkgversion='crosstool-NG esp-14.2.0_20241119' --disable-__cxa_atexit --enable-cxx-flags=-ffunction-sections --disable-libgomp --disable-libmudflap --disable-libmpx --disable-libssp --disable-libquadmath --disable-libquadmath-support --disable-libstdcxx-verbose --with-gmp=/builds/idf/crosstool-NG/.build/xtensa-esp-elf/buildtools --with-mpfr=/builds/idf/crosstool-NG/.build/xtensa-esp-elf/buildtools --with-mpc=/builds/idf/crosstool-NG/.build/xtensa-esp-elf/buildtools --with-isl=/builds/idf/crosstool-NG/.build/xtensa-esp-elf/buildtools --enable-lto --enable-target-optspace --without-long-double-128 --disable-nls --enable-multiarch --enable-languages=c c++ --disable-libstdcxx-verbose --enable-threads=posix --enable-gcov-custom-rtio --enable-libstdcxx-time=yes]
  ignore line: [Thread model: posix]
  ignore line: [Supported LTO compression algorithms: zlib zstd]
  ignore line: [gcc version 14.2.0 (crosstool-NG esp-14.2.0_20241119) ]
  ignore line: [COLLECT_GCC_OPTIONS='-mdynconfig=xtensa_esp32s3.so' '-mlongcalls' '-fno-builtin-memcpy' '-fno-builtin-memset' '-fno-builtin-bzero' '-fno-builtin-stpcpy' '-fno-builtin-strncpy' '-v' '-o' 'CMakeFiles/cmTC_c68ae.dir/CMakeCCompilerABI.c.obj' '-c' '-dumpdir' 'CMakeFiles/cmTC_c68ae.dir/']
  ignore line: [ /home/sulicat/.espressif/tools/xtensa-esp-elf/esp-14.2.0_20241119/xtensa-esp-elf/bin/../libexec/gcc/xtensa-esp-elf/14.2.0/cc1 -quiet -v -imultilib esp32s3 -iprefix /home/sulicat/.espressif/tools/xtensa-esp-elf/esp-14.2.0_20241119/xtensa-esp-elf/bin/../lib/gcc/xtensa-esp-elf/14.2.0/ -isysroot /home/sulicat/.espressif/tools/xtensa-esp-elf/esp-14.2.0_20241119/xtensa-esp-elf/bin/../xtensa-esp-elf /usr/share/cmake-3.22/Modules/CMakeCCompilerABI.c -quiet -dumpdir CMakeFiles/cmTC_c68ae.dir/ -dumpbase CMakeCCompilerABI.c.c -dumpbase-ext .c -mdynconfig=xtensa_esp32s3.so -mlongcalls -version -fno-builtin-memcpy -fno-builtin-memset -fno-builtin-bzero -fno-builtin-stpcpy -fno-builtin-strncpy -o /tmp/ccbt8eeQ.s]
  ignore line: [GNU C17 (crosstool-NG esp-14.2.0_20241119) version 14.2.0 (xtensa-esp-elf)]
  ignore line: [	compiled by GNU C version 4.9.2  GMP version 6.2.1  MPFR version 4.2.1  MPC version 1.2.1  isl version isl-0.26-GMP]
  ignore line: []
  ignore line: [GGC heuristics: --param ggc-min-expand=100 --param ggc-min-heapsize=131072]
  ignore line: [ignoring duplicate directory "/home/sulicat/.espressif/tools/xtensa-esp-elf/esp-14.2.0_20241119/xtensa-esp-elf/bin/../lib/gcc/../../lib/gcc/xtensa-esp-elf/14.2.0/include"]
  ignore line: [ignoring nonexistent directory "/home/sulicat/.espressif/tools/xtensa-esp-elf/esp-14.2.0_20241119/xtensa-esp-elf/bin/../xtensa-esp-elf/builds/idf/crosstool-NG/builds/xtensa-esp-elf/xtensa-esp-elf/include"]
  ignore line: [ignoring duplicate directory "/home/sulicat/.espressif/tools/xtensa-esp-elf/esp-14.2.0_20241119/xtensa-esp-elf/bin/../lib/gcc/../../lib/gcc/xtensa-esp-elf/14.2.0/include-fixed"]
  ignore line: [ignoring duplicate directory "/home/sulicat/.espressif/tools/xtensa-esp-elf/esp-14.2.0_20241119/xtensa-esp-elf/bin/../lib/gcc/../../lib/gcc/xtensa-esp-elf/14.2.0/../../../../xtensa-esp-elf/include"]
  ignore line: [ignoring duplicate directory "/home/sulicat/.espressif/tools/xtensa-esp-elf/esp-14.2.0_20241119/xtensa-esp-elf/bin/../xtensa-esp-elf/include"]
  ignore line: [#include "..." search starts here:]
  ignore line: [#include <...> search starts here:]
  ignore line: [ /home/sulicat/.espressif/tools/xtensa-esp-elf/esp-14.2.0_20241119/xtensa-esp-elf/bin/../lib/gcc/xtensa-esp-elf/14.2.0/include]
  ignore line: [ /home/sulicat/.espressif/tools/xtensa-esp-elf/esp-14.2.0_20241119/xtensa-esp-elf/bin/../lib/gcc/xtensa-esp-elf/14.2.0/include-fixed]
  ignore line: [ /home/sulicat/.espressif/tools/xtensa-esp-elf/esp-14.2.0_20241119/xtensa-esp-elf/bin/../lib/gcc/xtensa-esp-elf/14.2.0/../../../../xtensa-esp-elf/include]
  ignore line: [End of search list.]
  ignore line: [Compiler executable checksum: 81174f71db4416537376b4420f5c69fd]
  ignore line: [COLLECT_GCC_OPTIONS='-mdynconfig=xtensa_esp32s3.so' '-mlongcalls' '-fno-builtin-memcpy' '-fno-builtin-memset' '-fno-builtin-bzero' '-fno-builtin-stpcpy' '-fno-builtin-strncpy' '-v' '-o' 'CMakeFiles/cmTC_c68ae.dir/CMakeCCompilerABI.c.obj' '-c' '-dumpdir' 'CMakeFiles/cmTC_c68ae.dir/']
  ignore line: [ /home/sulicat/.espressif/tools/xtensa-esp-elf/esp-14.2.0_20241119/xtensa-esp-elf/bin/../lib/gcc/xtensa-esp-elf/14.2.0/../../../../xtensa-esp-elf/bin/as --traditional-format --longcalls --dynconfig=xtensa_esp32s3.so -o CMakeFiles/cmTC_c68ae.dir/CMakeCCompilerABI.c.obj /tmp/ccbt8eeQ.s]
  ignore line: [COMPILER_PATH=/home/sulicat/.espressif/tools/xtensa-esp-elf/esp-14.2.0_20241119/xtensa-esp-elf/bin/../libexec/gcc/xtensa-esp-elf/14.2.0/:/home/sulicat/.espressif/tools/xtensa-esp-elf/esp-14.2.0_20241119/xtensa-esp-elf/bin/../libexec/gcc/:/home/sulicat/.espressif/tools/xtensa-esp-elf/esp-14.2.0_20241119/xtensa-esp-elf/bin/../lib/gcc/xtensa-esp-elf/14.2.0/../../../../xtensa-esp-elf/bin/]
  ignore line: [LIBRARY_PATH=/home/sulicat/.espressif/tools/xtensa-esp-elf/esp-14.2.0_20241119/xtensa-esp-elf/bin/../lib/gcc/xtensa-esp-elf/14.2.0/esp32s3/:/home/sulicat/.espressif/tools/xtensa-esp-elf/esp-14.2.0_20241119/xtensa-esp-elf/bin/../lib/gcc/xtensa-esp-elf/14.2.0/../../../../xtensa-esp-elf/lib/esp32s3/:/home/sulicat/.espressif/tools/xtensa-esp-elf/esp-14.2.0_20241119/xtensa-esp-elf/bin/../xtensa-esp-elf/lib/esp32s3/:/home/sulicat/.espressif/tools/xtensa-esp-elf/esp-14.2.0_20241119/xtensa-esp-elf/bin/../lib/gcc/xtensa-esp-elf/14.2.0/:/home/sulicat/.espressif/tools/xtensa-esp-elf/esp-14.2.0_20241119/xtensa-esp-elf/bin/../lib/gcc/:/home/sulicat/.espressif/tools/xtensa-esp-elf/esp-14.2.0_20241119/xtensa-esp-elf/bin/../lib/gcc/xtensa-esp-elf/14.2.0/../../../../xtensa-esp-elf/lib/:/home/sulicat/.espressif/tools/xtensa-esp-elf/esp-14.2.0_20241119/xtensa-esp-elf/bin/../xtensa-esp-elf/lib/:/home/sulicat/.espressif/tools/xtensa-esp-elf/esp-14.2.0_20241119/xtensa-esp-elf/bin/../xtensa-esp-elf/usr/lib/]
  ignore line: [COLLECT_GCC_OPTIONS='-mdynconfig=xtensa_esp32s3.so' '-mlongcalls' '-fno-builtin-memcpy' '-fno-builtin-memset' '-fno-builtin-bzero' '-fno-builtin-stpcpy' '-fno-builtin-strncpy' '-v' '-o' 'CMakeFiles/cmTC_c68ae.dir/CMakeCCompilerABI.c.obj' '-c' '-dumpdir' 'CMakeFiles/cmTC_c68ae.dir/CMakeCCompilerABI.c.']
  ignore line: [[2/2] Linking C executable cmTC_c68ae]
  ignore line: [Using built-in specs.]
  ignore line: [COLLECT_GCC=/home/sulicat/.espressif/tools/xtensa-esp-elf/esp-14.2.0_20241119/xtensa-esp-elf/bin/xtensa-esp-elf-gcc]
  ignore line: [COLLECT_LTO_WRAPPER=/home/sulicat/.espressif/tools/xtensa-esp-elf/esp-14.2.0_20241119/xtensa-esp-elf/bin/../libexec/gcc/xtensa-esp-elf/14.2.0/lto-wrapper]
  ignore line: [Target: xtensa-esp-elf]
  ignore line: [Configured with: /builds/idf/crosstool-NG/.build/xtensa-esp-elf/src/gcc/configure --build=x86_64-build_pc-linux-gnu --host=x86_64-build_pc-linux-gnu --target=xtensa-esp-elf --prefix=/builds/idf/crosstool-NG/builds/xtensa-esp-elf --exec_prefix=/builds/idf/crosstool-NG/builds/xtensa-esp-elf --with-local-prefix=/builds/idf/crosstool-NG/builds/xtensa-esp-elf/xtensa-esp-elf --with-sysroot=/builds/idf/crosstool-NG/builds/xtensa-esp-elf/xtensa-esp-elf --with-native-system-header-dir=/include --with-newlib --enable-threads=no --disable-shared --with-pkgversion='crosstool-NG esp-14.2.0_20241119' --disable-__cxa_atexit --enable-cxx-flags=-ffunction-sections --disable-libgomp --disable-libmudflap --disable-libmpx --disable-libssp --disable-libquadmath --disable-libquadmath-support --disable-libstdcxx-verbose --with-gmp=/builds/idf/crosstool-NG/.build/xtensa-esp-elf/buildtools --with-mpfr=/builds/idf/crosstool-NG/.build/xtensa-esp-elf/buildtools --with-mpc=/builds/idf/crosstool-NG/.build/xtensa-esp-elf/buildtools --with-isl=/builds/idf/crosstool-NG/.build/xtensa-esp-elf/buildtools --enable-lto --enable-target-optspace --without-long-double-128 --disable-nls --enable-multiarch --enable-languages=c c++ --disable-libstdcxx-verbose --enable-threads=posix --enable-gcov-custom-rtio --enable-libstdcxx-time=yes]
  ignore line: [Thread model: posix]
  ignore line: [Supported LTO compression algorithms: zlib zstd]
  ignore line: [gcc version 14.2.0 (crosstool-NG esp-14.2.0_20241119) ]
  ignore line: [COMPILER_PATH=/home/sulicat/.espressif/tools/xtensa-esp-elf/esp-14.2.0_20241119/xtensa-esp-elf/bin/../libexec/gcc/xtensa-esp-elf/14.2.0/:/home/sulicat/.espressif/tools/xtensa-esp-elf/esp-14.2.0_20241119/xtensa-esp-elf/bin/../libexec/gcc/:/home/sulicat/.espressif/tools/xtensa-esp-elf/esp-14.2.0_20241119/xtensa-esp-elf/bin/../lib/gcc/xtensa-esp-elf/14.2.0/../../../../xtensa-esp-elf/bin/]
  ignore line: [LIBRARY_PATH=/home/sulicat/.espressif/tools/xtensa-esp-elf/esp-14.2.0_20241119/xtensa-esp-elf/bin/../lib/gcc/xtensa-esp-elf/14.2.0/esp32s3/:/home/sulicat/.espressif/tools/xtensa-esp-elf/esp-14.2.0_20241119/xtensa-esp-elf/bin/../lib/gcc/xtensa-esp-elf/14.2.0/../../../../xtensa-esp-elf/lib/esp32s3/:/home/sulicat/.espressif/tools/xtensa-esp-elf/esp-14.2.0_20241119/xtensa-esp-elf/bin/../xtensa-esp-elf/lib/esp32s3/:/home/sulicat/.espressif/tools/xtensa-esp-elf/esp-14.2.0_20241119/xtensa-esp-elf/bin/../lib/gcc/xtensa-esp-elf/14.2.0/:/home/sulicat/.espressif/tools/xtensa-esp-elf/esp-14.2.0_20241119/xtensa-esp-elf/bin/../lib/gcc/:/home/sulicat/.espressif/tools/xtensa-esp-elf/esp-14.2.0_20241119/xtensa-esp-elf/bin/../lib/gcc/xtensa-esp-elf/14.2.0/../../../../xtensa-esp-elf/lib/:/home/sulicat/.espressif/tools/xtensa-esp-elf/esp-14.2.0_20241119/xtensa-esp-elf/bin/../xtensa-esp-elf/lib/:/home/sulicat/.espressif/tools/xtensa-esp-elf/esp-14.2.0_20241119/xtensa-esp-elf/bin/../xtensa-esp-elf/usr/lib/]
  ignore line: [COLLECT_GCC_OPTIONS='-mdynconfig=xtensa_esp32s3.so' '-mlongcalls' '-fno-builtin-memcpy' '-fno-builtin-memset' '-fno-builtin-bzero' '-fno-builtin-stpcpy' '-fno-builtin-strncpy' '-nostartfiles' '-v' '-o' 'cmTC_c68ae' '-dumpdir' 'cmTC_c68ae.']
  link line: [ /home/sulicat/.espressif/tools/xtensa-esp-elf/esp-14.2.0_20241119/xtensa-esp-elf/bin/../libexec/gcc/xtensa-esp-elf/14.2.0/collect2 -plugin /home/sulicat/.espressif/tools/xtensa-esp-elf/esp-14.2.0_20241119/xtensa-esp-elf/bin/../libexec/gcc/xtensa-esp-elf/14.2.0/liblto_plugin.so -plugin-opt=/home/sulicat/.espressif/tools/xtensa-esp-elf/esp-14.2.0_20241119/xtensa-esp-elf/bin/../libexec/gcc/xtensa-esp-elf/14.2.0/lto-wrapper -plugin-opt=-fresolution=/tmp/ccE0K2nm.res -plugin-opt=-pass-through=-lgcc -plugin-opt=-pass-through=-lc -plugin-opt=-pass-through=-lnosys -plugin-opt=-pass-through=-lc -plugin-opt=-pass-through=-lgcc --sysroot=/home/sulicat/.espressif/tools/xtensa-esp-elf/esp-14.2.0_20241119/xtensa-esp-elf/bin/../xtensa-esp-elf --dynconfig=xtensa_esp32s3.so -o cmTC_c68ae -L/home/sulicat/.espressif/tools/xtensa-esp-elf/esp-14.2.0_20241119/xtensa-esp-elf/bin/../lib/gcc/xtensa-esp-elf/14.2.0/esp32s3 -L/home/sulicat/.espressif/tools/xtensa-esp-elf/esp-14.2.0_20241119/xtensa-esp-elf/bin/../lib/gcc/xtensa-esp-elf/14.2.0/../../../../xtensa-esp-elf/lib/esp32s3 -L/home/sulicat/.espressif/tools/xtensa-esp-elf/esp-14.2.0_20241119/xtensa-esp-elf/bin/../xtensa-esp-elf/lib/esp32s3 -L/home/sulicat/.espressif/tools/xtensa-esp-elf/esp-14.2.0_20241119/xtensa-esp-elf/bin/../lib/gcc/xtensa-esp-elf/14.2.0 -L/home/sulicat/.espressif/tools/xtensa-esp-elf/esp-14.2.0_20241119/xtensa-esp-elf/bin/../lib/gcc -L/home/sulicat/.espressif/tools/xtensa-esp-elf/esp-14.2.0_20241119/xtensa-esp-elf/bin/../lib/gcc/xtensa-esp-elf/14.2.0/../../../../xtensa-esp-elf/lib -L/home/sulicat/.espressif/tools/xtensa-esp-elf/esp-14.2.0_20241119/xtensa-esp-elf/bin/../xtensa-esp-elf/lib -L/home/sulicat/.espressif/tools/xtensa-esp-elf/esp-14.2.0_20241119/xtensa-esp-elf/bin/../xtensa-esp-elf/usr/lib CMakeFiles/cmTC_c68ae.dir/CMakeCCompilerABI.c.obj -lgcc -lc -lnosys -lc -lgcc]
    arg [/home/sulicat/.espressif/tools/xtensa-esp-elf/esp-14.2.0_20241119/xtensa-esp-elf/bin/../libexec/gcc/xtensa-esp-elf/14.2.0/collect2] ==> ignore
    arg [-plugin] ==> ignore
    arg [/home/sulicat/.espressif/tools/xtensa-esp-elf/esp-14.2.0_20241119/xtensa-esp-elf/bin/../libexec/gcc/xtensa-esp-elf/14.2.0/liblto_plugin.so] ==> ignore
    arg [-plugin-opt=/home/sulicat/.espressif/tools/xtensa-esp-elf/esp-14.2.0_20241119/xtensa-esp-elf/bin/../libexec/gcc/xtensa-esp-elf/14.2.0/lto-wrapper] ==> ignore
    arg [-plugin-opt=-fresolution=/tmp/ccE0K2nm.res] ==> ignore
    arg [-plugin-opt=-pass-through=-lgcc] ==> ignore
    arg [-plugin-opt=-pass-through=-lc] ==> ignore
    arg [-plugin-opt=-pass-through=-lnosys] ==> ignore
    arg [-plugin-opt=-pass-through=-lc] ==> ignore
    arg [-plugin-opt=-pass-through=-lgcc] ==> ignore
    arg [--sysroot=/home/sulicat/.espressif/tools/xtensa-esp-elf/esp-14.2.0_20241119/xtensa-esp-elf/bin/../xtensa-esp-elf] ==> ignore
    arg [--dynconfig=xtensa_esp32s3.so] ==> ignore
    arg [-o] ==> ignore
    arg [cmTC_c68ae] ==> ignore
    arg [-L/home/sulicat/.espressif/tools/xtensa-esp-elf/esp-14.2.0_20241119/xtensa-esp-elf/bin/../lib/gcc/xtensa-esp-elf/14.2.0/esp32s3] ==> dir [/home/sulicat/.espressif/tools/xtensa-esp-elf/esp-14.2.0_20241119/xtensa-esp-elf/bin/../lib/gcc/xtensa-esp-elf/14.2.0/esp32s3]
    arg [-L/home/sulicat/.espressif/tools/xtensa-esp-elf/esp-14.2.0_20241119/xtensa-esp-elf/bin/../lib/gcc/xtensa-esp-elf/14.2.0/../../../../xtensa-esp-elf/lib/esp32s3] ==> dir [/home/sulicat/.espressif/tools/xtensa-esp-elf/esp-14.2.0_20241119/xtensa-esp-elf/bin/../lib/gcc/xtensa-esp-elf/14.2.0/../../../../xtensa-esp-elf/lib/esp32s3]
    arg [-L/home/sulicat/.espressif/tools/xtensa-esp-elf/esp-14.2.0_20241119/xtensa-esp-elf/bin/../xtensa-esp-elf/lib/esp32s3] ==> dir [/home/sulicat/.espressif/tools/xtensa-esp-elf/esp-14.2.0_20241119/xtensa-esp-elf/bin/../xtensa-esp-elf/lib/esp32s3]
    arg [-L/home/sulicat/.espressif/tools/xtensa-esp-elf/esp-14.2.0_20241119/xtensa-esp-elf/bin/../lib/gcc/xtensa-esp-elf/14.2.0] ==> dir [/home/sulicat/.espressif/tools/xtensa-esp-elf/esp-14.2.0_20241119/xtensa-esp-elf/bin/../lib/gcc/xtensa-esp-elf/14.2.0]
    arg [-L/home/sulicat/.espressif/tools/xtensa-esp-elf/esp-14.2.0_20241119/xtensa-esp-elf/bin/../lib/gcc] ==> dir [/home/sulicat/.espressif/tools/xtensa-esp-elf/esp-14.2.0_20241119/xtensa-esp-elf/bin/../lib/gcc]
    arg [-L/home/sulicat/.espressif/tools/xtensa-esp-elf/esp-14.2.0_20241119/xtensa-esp-elf/bin/../lib/gcc/xtensa-esp-elf/14.2.0/../../../../xtensa-esp-elf/lib] ==> dir [/home/sulicat/.espressif/tools/xtensa-esp-elf/esp-14.2.0_20241119/xtensa-esp-elf/bin/../lib/gcc/xtensa-esp-elf/14.2.0/../../../../xtensa-esp-elf/lib]
    arg [-L/home/sulicat/.espressif/tools/xtensa-esp-elf/esp-14.2.0_20241119/xtensa-esp-elf/bin/../xtensa-esp-elf/lib] ==> dir [/home/sulicat/.espressif/tools/xtensa-esp-elf/esp-14.2.0_20241119/xtensa-esp-elf/bin/../xtensa-esp-elf/lib]
    arg [-L/home/sulicat/.espressif/tools/xtensa-esp-elf/esp-14.2.0_20241119/xtensa-esp-elf/bin/../xtensa-esp-elf/usr/lib] ==> dir [/home/sulicat/.espressif/tools/xtensa-esp-elf/esp-14.2.0_20241119/xtensa-esp-elf/bin/../xtensa-esp-elf/usr/lib]
    arg [CMakeFiles/cmTC_c68ae.dir/CMakeCCompilerABI.c.obj] ==> ignore
    arg [-lgcc] ==> lib [gcc]
    arg [-lc] ==> lib [c]
    arg [-lnosys] ==> lib [nosys]
    arg [-lc] ==> lib [c]
    arg [-lgcc] ==> lib [gcc]
  collapse library dir [/home/sulicat/.espressif/tools/xtensa-esp-elf/esp-14.2.0_20241119/xtensa-esp-elf/bin/../lib/gcc/xtensa-esp-elf/14.2.0/esp32s3] ==> [/home/sulicat/.espressif/tools/xtensa-esp-elf/esp-14.2.0_20241119/xtensa-esp-elf/lib/gcc/xtensa-esp-elf/14.2.0/esp32s3]
  collapse library dir [/home/sulicat/.espressif/tools/xtensa-esp-elf/esp-14.2.0_20241119/xtensa-esp-elf/bin/../lib/gcc/xtensa-esp-elf/14.2.0/../../../../xtensa-esp-elf/lib/esp32s3] ==> [/home/sulicat/.espressif/tools/xtensa-esp-elf/esp-14.2.0_20241119/xtensa-esp-elf/xtensa-esp-elf/lib/esp32s3]
  collapse library dir [/home/sulicat/.espressif/tools/xtensa-esp-elf/esp-14.2.0_20241119/xtensa-esp-elf/bin/../xtensa-esp-elf/lib/esp32s3] ==> [/home/sulicat/.espressif/tools/xtensa-esp-elf/esp-14.2.0_20241119/xtensa-esp-elf/xtensa-esp-elf/lib/esp32s3]
  collapse library dir [/home/sulicat/.espressif/tools/xtensa-esp-elf/esp-14.2.0_20241119/xtensa-esp-elf/bin/../lib/gcc/xtensa-esp-elf/14.2.0] ==> [/home/sulicat/.espressif/tools/xtensa-esp-elf/esp-14.2.0_20241119/xtensa-esp-elf/lib/gcc/xtensa-esp-elf/14.2.0]
  collapse library dir [/home/sulicat/.espressif/tools/xtensa-esp-elf/esp-14.2.0_20241119/xtensa-esp-elf/bin/../lib/gcc] ==> [/home/sulicat/.espressif/tools/xtensa-esp-elf/esp-14.2.0_20241119/xtensa-esp-elf/lib/gcc]
  collapse library dir [/home/sulicat/.espressif/tools/xtensa-esp-elf/esp-14.2.0_20241119/xtensa-esp-elf/bin/../lib/gcc/xtensa-esp-elf/14.2.0/../../../../xtensa-esp-elf/lib] ==> [/home/sulicat/.espressif/tools/xtensa-esp-elf/esp-14.2.0_20241119/xtensa-esp-elf/xtensa-esp-elf/lib]
  collapse library dir [/home/sulicat/.espressif/tools/xtensa-esp-elf/esp-14.2.0_20241119/xtensa-esp-elf/bin/../xtensa-esp-elf/lib] ==> [/home/sulicat/.espressif/tools/xtensa-esp-elf/esp-14.2.0_20241119/xtensa-esp-elf/xtensa-esp-elf/lib]
  collapse library dir [/home/sulicat/.espressif/tools/xtensa-esp-elf/esp-14.2.0_20241119/xtensa-esp-elf/bin/../xtensa-esp-elf/usr/lib] ==> [/home/sulicat/.espressif/tools/xtensa-esp-elf/esp-14.2.0_20241119/xtensa-esp-elf/xtensa-esp-elf/usr/lib]
  implicit libs: [gcc;c;nosys;c;gcc]
  implicit objs: []
  implicit dirs: [/home/sulicat/.espressif/tools/xtensa-esp-elf/esp-14.2.0_20241119/xtensa-esp-elf/lib/gcc/xtensa-esp-elf/14.2.0/esp32s3;/home/sulicat/.espressif/tools/xtensa-esp-elf/esp-14.2.0_20241119/xtensa-esp-elf/xtensa-esp-elf/lib/esp32s3;/home/sulicat/.espressif/tools/xtensa-esp-elf/esp-14.2.0_20241119/xtensa-esp-elf/lib/gcc/xtensa-esp-elf/14.2.0;/home/sulicat/.espressif/tools/xtensa-esp-elf/esp-14.2.0_20241119/xtensa-esp-elf/lib/gcc;/home/sulicat/.espressif/tools/xtensa-esp-elf/esp-14.2.0_20241119/xtensa-esp-elf/xtensa-esp-elf/lib;/home/sulicat/.espressif/tools/xtensa-esp-elf/esp-14.2.0_20241119/xtensa-esp-elf/xtensa-esp-elf/usr/lib]
  implicit fwks: []


Detecting CXX compiler ABI info compiled with the following output:
Change Dir: /home/sulicat/git/hardware/ReMapper/software/ESP32/ReMapper/build/CMakeFiles/CMakeTmp

Run Build Command(s):/usr/bin/ninja cmTC_41ed6 && [1/2] Building CXX object CMakeFiles/cmTC_41ed6.dir/CMakeCXXCompilerABI.cpp.obj
Using built-in specs.
COLLECT_GCC=/home/sulicat/.espressif/tools/xtensa-esp-elf/esp-14.2.0_20241119/xtensa-esp-elf/bin/xtensa-esp-elf-g++
Target: xtensa-esp-elf
Configured with: /builds/idf/crosstool-NG/.build/xtensa-esp-elf/src/gcc/configure --build=x86_64-build_pc-linux-gnu --host=x86_64-build_pc-linux-gnu --target=xtensa-esp-elf --prefix=/builds/idf/crosstool-NG/builds/xtensa-esp-elf --exec_prefix=/builds/idf/crosstool-NG/builds/xtensa-esp-elf --with-local-prefix=/builds/idf/crosstool-NG/builds/xtensa-esp-elf/xtensa-esp-elf --with-sysroot=/builds/idf/crosstool-NG/builds/xtensa-esp-elf/xtensa-esp-elf --with-native-system-header-dir=/include --with-newlib --enable-threads=no --disable-shared --with-pkgversion='crosstool-NG esp-14.2.0_20241119' --disable-__cxa_atexit --enable-cxx-flags=-ffunction-sections --disable-libgomp --disable-libmudflap --disable-libmpx --disable-libssp --disable-libquadmath --disable-libquadmath-support --disable-libstdcxx-verbose --with-gmp=/builds/idf/crosstool-NG/.build/xtensa-esp-elf/buildtools --with-mpfr=/builds/idf/crosstool-NG/.build/xtensa-esp-elf/buildtools --with-mpc=/builds/idf/crosstool-NG/.build/xtensa-esp-elf/buildtools --with-isl=/builds/idf/crosstool-NG/.build/xtensa-esp-elf/buildtools --enable-lto --enable-target-optspace --without-long-double-128 --disable-nls --enable-multiarch --enable-languages=c,c++ --disable-libstdcxx-verbose --enable-threads=posix --enable-gcov-custom-rtio --enable-libstdcxx-time=yes
Thread model: posix
Supported LTO compression algorithms: zlib zstd
gcc version 14.2.0 (crosstool-NG esp-14.2.0_20241119) 
COLLECT_GCC_OPTIONS='-mdynconfig=xtensa_esp32s3.so' '-mlongcalls' '-fno-builtin-memcpy' '-fno-builtin-memset' '-fno-builtin-bzero' '-fno-builtin-stpcpy' '-fno-builtin-strncpy' '-v' '-o' 'CMakeFiles/cmTC_41ed6.dir/CMakeCXXCompilerABI.cpp.obj' '-c' '-dumpdir' 'CMakeFiles/cmTC_41ed6.dir/'
 /home/sulicat/.espressif/tools/xtensa-esp-elf/esp-14.2.0_20241119/xtensa-esp-elf/bin/../libexec/gcc/xtensa-esp-elf/14.2.0/cc1plus -quiet -v -imultilib esp32s3 -iprefix /home/sulicat/.espressif/tools/xtensa-esp-elf/esp-14.2.0_20241119/xtensa-esp-elf/bin/../lib/gcc/xtensa-esp-elf/14.2.0/ -isysroot /home/sulicat/.espressif/tools/xtensa-esp-elf/esp-14.2.0_20241119/xtensa-esp-elf/bin/../xtensa-esp-elf /usr/share/cmake-3.22/Modules/CMakeCXXCompilerABI.cpp -quiet -dumpdir CMakeFiles/cmTC_41ed6.dir/ -dumpbase CMakeCXXCompilerABI.cpp.cpp -dumpbase-ext .cpp -mdynconfig=xtensa_esp32s3.so -mlongcalls -version -fno-builtin-memcpy -fno-builtin-memset -fno-builtin-bzero -fno-builtin-stpcpy -fno-builtin-strncpy -o /tmp/ccFXhfXR.s
GNU C++17 (crosstool-NG esp-14.2.0_20241119) version 14.2.0 (xtensa-esp-elf)
	compiled by GNU C version 4.9.2, GMP version 6.2.1, MPFR version 4.2.1, MPC version 1.2.1, isl version isl-0.26-GMP

GGC heuristics: --param ggc-min-expand=100 --param ggc-min-heapsize=131072
ignoring duplicate directory "/home/sulicat/.espressif/tools/xtensa-esp-elf/esp-14.2.0_20241119/xtensa-esp-elf/bin/../lib/gcc/../../lib/gcc/xtensa-esp-elf/14.2.0/../../../../xtensa-esp-elf/include/c++/14.2.0"
ignoring duplicate directory "/home/sulicat/.espressif/tools/xtensa-esp-elf/esp-14.2.0_20241119/xtensa-esp-elf/bin/../lib/gcc/../../lib/gcc/xtensa-esp-elf/14.2.0/../../../../xtensa-esp-elf/include/c++/14.2.0/xtensa-esp-elf/esp32s3"
ignoring duplicate directory "/home/sulicat/.espressif/tools/xtensa-esp-elf/esp-14.2.0_20241119/xtensa-esp-elf/bin/../lib/gcc/../../lib/gcc/xtensa-esp-elf/14.2.0/../../../../xtensa-esp-elf/include/c++/14.2.0/backward"
ignoring duplicate directory "/home/sulicat/.espressif/tools/xtensa-esp-elf/esp-14.2.0_20241119/xtensa-esp-elf/bin/../lib/gcc/../../lib/gcc/xtensa-esp-elf/14.2.0/include"
ignoring nonexistent directory "/home/sulicat/.espressif/tools/xtensa-esp-elf/esp-14.2.0_20241119/xtensa-esp-elf/bin/../xtensa-esp-elf/builds/idf/crosstool-NG/builds/xtensa-esp-elf/xtensa-esp-elf/include"
ignoring duplicate directory "/home/sulicat/.espressif/tools/xtensa-esp-elf/esp-14.2.0_20241119/xtensa-esp-elf/bin/../lib/gcc/../../lib/gcc/xtensa-esp-elf/14.2.0/include-fixed"
ignoring duplicate directory "/home/sulicat/.espressif/tools/xtensa-esp-elf/esp-14.2.0_20241119/xtensa-esp-elf/bin/../lib/gcc/../../lib/gcc/xtensa-esp-elf/14.2.0/../../../../xtensa-esp-elf/include"
ignoring duplicate directory "/home/sulicat/.espressif/tools/xtensa-esp-elf/esp-14.2.0_20241119/xtensa-esp-elf/bin/../xtensa-esp-elf/include"
#include "..." search starts here:
#include <...> search starts here:
 /home/sulicat/.espressif/tools/xtensa-esp-elf/esp-14.2.0_20241119/xtensa-esp-elf/bin/../lib/gcc/xtensa-esp-elf/14.2.0/../../../../xtensa-esp-elf/include/c++/14.2.0
 /home/sulicat/.espressif/tools/xtensa-esp-elf/esp-14.2.0_20241119/xtensa-esp-elf/bin/../lib/gcc/xtensa-esp-elf/14.2.0/../../../../xtensa-esp-elf/include/c++/14.2.0/xtensa-esp-elf/esp32s3
 /home/sulicat/.espressif/tools/xtensa-esp-elf/esp-14.2.0_20241119/xtensa-esp-elf/bin/../lib/gcc/xtensa-esp-elf/14.2.0/../../../../xtensa-esp-elf/include/c++/14.2.0/backward
 /home/sulicat/.espressif/tools/xtensa-esp-elf/esp-14.2.0_20241119/xtensa-esp-elf/bin/../lib/gcc/xtensa-esp-elf/14.2.0/include
 /home/sulicat/.espressif/tools/xtensa-esp-elf/esp-14.2.0_20241119/xtensa-esp-elf/bin/../lib/gcc/xtensa-esp-elf/14.2.0/include-fixed
 /home/sulicat/.espressif/tools/xtensa-esp-elf/esp-14.2.0_20241119/xtensa-esp-elf/bin/../lib/gcc/xtensa-esp-elf/14.2.0/../../../../xtensa-esp-elf/include
End of search list.
Compiler executable checksum: 00a0abec3a35f1fd29e56d9fb54b091a
COLLECT_GCC_OPTIONS='-mdynconfig=xtensa_esp32s3.so' '-mlongcalls' '-fno-builtin-memcpy' '-fno-builtin-memset' '-fno-builtin-bzero' '-fno-builtin-stpcpy' '-fno-builtin-strncpy' '-v' '-o' 'CMakeFiles/cmTC_41ed6.dir/CMakeCXXCompilerABI.cpp.obj' '-c' '-dumpdir' 'CMakeFiles/cmTC_41ed6.dir/'
 /home/sulicat/.espressif/tools/xtensa-esp-elf/esp-14.2.0_20241119/xtensa-esp-elf/bin/../lib/gcc/xtensa-esp-elf/14.2.0/../../../../xtensa-esp-elf/bin/as --traditional-format --longcalls --dynconfig=xtensa_esp32s3.so -o CMakeFiles/cmTC_41ed6.dir/CMakeCXXCompilerABI.cpp.obj /tmp/ccFXhfXR.s
COMPILER_PATH=/home/sulicat/.espressif/tools/xtensa-esp-elf/esp-14.2.0_20241119/xtensa-esp-elf/bin/../libexec/gcc/xtensa-esp-elf/14.2.0/:/home/sulicat/.espressif/tools/xtensa-esp-elf/esp-14.2.0_20241119/xtensa-esp-elf/bin/../libexec/gcc/:/home/sulicat/.espressif/tools/xtensa-esp-elf/esp-14.2.0_20241119/xtensa-esp-elf/bin/../lib/gcc/xtensa-esp-elf/14.2.0/../../../../xtensa-esp-elf/bin/
LIBRARY_PATH=/home/sulicat/.espressif/tools/xtensa-esp-elf/esp-14.2.0_20241119/xtensa-esp-elf/bin/../lib/gcc/xtensa-esp-elf/14.2.0/esp32s3/:/home/sulicat/.espressif/tools/xtensa-esp-elf/esp-14.2.0_20241119/xtensa-esp-elf/bin/../lib/gcc/xtensa-esp-elf/14.2.0/../../../../xtensa-esp-elf/lib/esp32s3/:/home/sulicat/.espressif/tools/xtensa-esp-elf/esp-14.2.0_20241119/xtensa-esp-elf/bin/../xtensa-esp-elf/lib/esp32s3/:/home/sulicat/.espressif/tools/xtensa-esp-elf/esp-14.2.0_20241119/xtensa-esp-elf/bin/../lib/gcc/xtensa-esp-elf/14.2.0/:/home/sulicat/.espressif/tools/xtensa-esp-elf/esp-14.2.0_20241119/xtensa-esp-elf/bin/../lib/gcc/:/home/sulicat/.espressif/tools/xtensa-esp-elf/esp-14.2.0_20241119/xtensa-esp-elf/bin/../lib/gcc/xtensa-esp-elf/14.2.0/../../../../xtensa-esp-elf/lib/:/home/sulicat/.espressif/tools/xtensa-esp-elf/esp-14.2.0_20241119/xtensa-esp-elf/bin/../xtensa-esp-elf/lib/:/home/sulicat/.espressif/tools/xtensa-esp-elf/esp-14.2.0_20241119/xtensa-esp-elf/bin/../xtensa-esp-elf/usr/lib/
COLLECT_GCC_OPTIONS='-mdynconfig=xtensa_esp32s3.so' '-mlongcalls' '-fno-builtin-memcpy' '-fno-builtin-memset' '-fno-builtin-bzero' '-fno-builtin-stpcpy' '-fno-builtin-strncpy' '-v' '-o' 'CMakeFiles/cmTC_41ed6.dir/CMakeCXXCompilerABI.cpp.obj' '-c' '-dumpdir' 'CMakeFiles/cmTC_41ed6.dir/CMakeCXXCompilerABI.cpp.'
[2/2] Linking CXX executable cmTC_41ed6
Using built-in specs.
COLLECT_GCC=/home/sulicat/.espressif/tools/xtensa-esp-elf/esp-14.2.0_20241119/xtensa-esp-elf/bin/xtensa-esp-elf-g++
COLLECT_LTO_WRAPPER=/home/sulicat/.espressif/tools/xtensa-esp-elf/esp-14.2.0_20241119/xtensa-esp-elf/bin/../libexec/gcc/xtensa-esp-elf/14.2.0/lto-wrapper
Target: xtensa-esp-elf
Configured with: /builds/idf/crosstool-NG/.build/xtensa-esp-elf/src/gcc/configure --build=x86_64-build_pc-linux-gnu --host=x86_64-build_pc-linux-gnu --target=xtensa-esp-elf --prefix=/builds/idf/crosstool-NG/builds/xtensa-esp-elf --exec_prefix=/builds/idf/crosstool-NG/builds/xtensa-esp-elf --with-local-prefix=/builds/idf/crosstool-NG/builds/xtensa-esp-elf/xtensa-esp-elf --with-sysroot=/builds/idf/crosstool-NG/builds/xtensa-esp-elf/xtensa-esp-elf --with-native-system-header-dir=/include --with-newlib --enable-threads=no --disable-shared --with-pkgversion='crosstool-NG esp-14.2.0_20241119' --disable-__cxa_atexit --enable-cxx-flags=-ffunction-sections --disable-libgomp --disable-libmudflap --disable-libmpx --disable-libssp --disable-libquadmath --disable-libquadmath-support --disable-libstdcxx-verbose --with-gmp=/builds/idf/crosstool-NG/.build/xtensa-esp-elf/buildtools --with-mpfr=/builds/idf/crosstool-NG/.build/xtensa-esp-elf/buildtools --with-mpc=/builds/idf/crosstool-NG/.build/xtensa-esp-elf/buildtools --with-isl=/builds/idf/crosstool-NG/.build/xtensa-esp-elf/buildtools --enable-lto --enable-target-optspace --without-long-double-128 --disable-nls --enable-multiarch --enable-languages=c,c++ --disable-libstdcxx-verbose --enable-threads=posix --enable-gcov-custom-rtio --enable-libstdcxx-time=yes
Thread model: posix
Supported LTO compression algorithms: zlib zstd
gcc version 14.2.0 (crosstool-NG esp-14.2.0_20241119) 
COMPILER_PATH=/home/sulicat/.espressif/tools/xtensa-esp-elf/esp-14.2.0_20241119/xtensa-esp-elf/bin/../libexec/gcc/xtensa-esp-elf/14.2.0/:/home/sulicat/.espressif/tools/xtensa-esp-elf/esp-14.2.0_20241119/xtensa-esp-elf/bin/../libexec/gcc/:/home/sulicat/.espressif/tools/xtensa-esp-elf/esp-14.2.0_20241119/xtensa-esp-elf/bin/../lib/gcc/xtensa-esp-elf/14.2.0/../../../../xtensa-esp-elf/bin/
LIBRARY_PATH=/home/sulicat/.espressif/tools/xtensa-esp-elf/esp-14.2.0_20241119/xtensa-esp-elf/bin/../lib/gcc/xtensa-esp-elf/14.2.0/esp32s3/:/home/sulicat/.espressif/tools/xtensa-esp-elf/esp-14.2.0_20241119/xtensa-esp-elf/bin/../lib/gcc/xtensa-esp-elf/14.2.0/../../../../xtensa-esp-elf/lib/esp32s3/:/home/sulicat/.espressif/tools/xtensa-esp-elf/esp-14.2.0_20241119/xtensa-esp-elf/bin/../xtensa-esp-elf/lib/esp32s3/:/home/sulicat/.espressif/tools/xtensa-esp-elf/esp-14.2.0_20241119/xtensa-esp-elf/bin/../lib/gcc/xtensa-esp-elf/14.2.0/:/home/sulicat/.espressif/tools/xtensa-esp-elf/esp-14.2.0_20241119/xtensa-esp-elf/bin/../lib/gcc/:/home/sulicat/.espressif/tools/xtensa-esp-elf/esp-14.2.0_20241119/xtensa-esp-elf/bin/../lib/gcc/xtensa-esp-elf/14.2.0/../../../../xtensa-esp-elf/lib/:/home/sulicat/.espressif/tools/xtensa-esp-elf/esp-14.2.0_20241119/xtensa-esp-elf/bin/../xtensa-esp-elf/lib/:/home/sulicat/.espressif/tools/xtensa-esp-elf/esp-14.2.0_20241119/xtensa-esp-elf/bin/../xtensa-esp-elf/usr/lib/
COLLECT_GCC_OPTIONS='-mdynconfig=xtensa_esp32s3.so' '-mlongcalls' '-fno-builtin-memcpy' '-fno-builtin-memset' '-fno-builtin-bzero' '-fno-builtin-stpcpy' '-fno-builtin-strncpy' '-nostartfiles' '-v' '-o' 'cmTC_41ed6' '-dumpdir' 'cmTC_41ed6.'
 /home/sulicat/.espressif/tools/xtensa-esp-elf/esp-14.2.0_20241119/xtensa-esp-elf/bin/../libexec/gcc/xtensa-esp-elf/14.2.0/collect2 -plugin /home/sulicat/.espressif/tools/xtensa-esp-elf/esp-14.2.0_20241119/xtensa-esp-elf/bin/../libexec/gcc/xtensa-esp-elf/14.2.0/liblto_plugin.so -plugin-opt=/home/sulicat/.espressif/tools/xtensa-esp-elf/esp-14.2.0_20241119/xtensa-esp-elf/bin/../libexec/gcc/xtensa-esp-elf/14.2.0/lto-wrapper -plugin-opt=-fresolution=/tmp/ccGti9gI.res -plugin-opt=-pass-through=-lgcc -plugin-opt=-pass-through=-lc -plugin-opt=-pass-through=-lnosys -plugin-opt=-pass-through=-lc -plugin-opt=-pass-through=-lgcc --sysroot=/home/sulicat/.espressif/tools/xtensa-esp-elf/esp-14.2.0_20241119/xtensa-esp-elf/bin/../xtensa-esp-elf --dynconfig=xtensa_esp32s3.so -o cmTC_41ed6 -L/home/sulicat/.espressif/tools/xtensa-esp-elf/esp-14.2.0_20241119/xtensa-esp-elf/bin/../lib/gcc/xtensa-esp-elf/14.2.0/esp32s3 -L/home/sulicat/.espressif/tools/xtensa-esp-elf/esp-14.2.0_20241119/xtensa-esp-elf/bin/../lib/gcc/xtensa-esp-elf/14.2.0/../../../../xtensa-esp-elf/lib/esp32s3 -L/home/sulicat/.espressif/tools/xtensa-esp-elf/esp-14.2.0_20241119/xtensa-esp-elf/bin/../xtensa-esp-elf/lib/esp32s3 -L/home/sulicat/.espressif/tools/xtensa-esp-elf/esp-14.2.0_20241119/xtensa-esp-elf/bin/../lib/gcc/xtensa-esp-elf/14.2.0 -L/home/sulicat/.espressif/tools/xtensa-esp-elf/esp-14.2.0_20241119/xtensa-esp-elf/bin/../lib/gcc -L/home/sulicat/.espressif/tools/xtensa-esp-elf/esp-14.2.0_20241119/xtensa-esp-elf/bin/../lib/gcc/xtensa-esp-elf/14.2.0/../../../../xtensa-esp-elf/lib -L/home/sulicat/.espressif/tools/xtensa-esp-elf/esp-14.2.0_20241119/xtensa-esp-elf/bin/../xtensa-esp-elf/lib -L/home/sulicat/.espressif/tools/xtensa-esp-elf/esp-14.2.0_20241119/xtensa-esp-elf/bin/../xtensa-esp-elf/usr/lib CMakeFiles/cmTC_41ed6.dir/CMakeCXXCompilerABI.cpp.obj -lstdc++ -lm -lgcc -lc -lnosys -lc -lgcc
/home/sulicat/.espressif/tools/xtensa-esp-elf/esp-14.2.0_20241119/xtensa-esp-elf/bin/../lib/gcc/xtensa-esp-elf/14.2.0/../../../../xtensa-esp-elf/bin/ld: warning: cannot find entry symbol _start; defaulting to 00400054
COLLECT_GCC_OPTIONS='-mdynconfig=xtensa_esp32s3.so' '-mlongcalls' '-fno-builtin-memcpy' '-fno-builtin-memset' '-fno-builtin-bzero' '-fno-builtin-stpcpy' '-fno-builtin-strncpy' '-nostartfiles' '-v' '-o' 'cmTC_41ed6' '-dumpdir' 'cmTC_41ed6.'



Parsed CXX implicit include dir info from above output: rv=done
  found start of include info
  found start of implicit include info
    add: [/home/sulicat/.espressif/tools/xtensa-esp-elf/esp-14.2.0_20241119/xtensa-esp-elf/bin/../lib/gcc/xtensa-esp-elf/14.2.0/../../../../xtensa-esp-elf/include/c++/14.2.0]
    add: [/home/sulicat/.espressif/tools/xtensa-esp-elf/esp-14.2.0_20241119/xtensa-esp-elf/bin/../lib/gcc/xtensa-esp-elf/14.2.0/../../../../xtensa-esp-elf/include/c++/14.2.0/xtensa-esp-elf/esp32s3]
    add: [/home/sulicat/.espressif/tools/xtensa-esp-elf/esp-14.2.0_20241119/xtensa-esp-elf/bin/../lib/gcc/xtensa-esp-elf/14.2.0/../../../../xtensa-esp-elf/include/c++/14.2.0/backward]
    add: [/home/sulicat/.espressif/tools/xtensa-esp-elf/esp-14.2.0_20241119/xtensa-esp-elf/bin/../lib/gcc/xtensa-esp-elf/14.2.0/include]
    add: [/home/sulicat/.espressif/tools/xtensa-esp-elf/esp-14.2.0_20241119/xtensa-esp-elf/bin/../lib/gcc/xtensa-esp-elf/14.2.0/include-fixed]
    add: [/home/sulicat/.espressif/tools/xtensa-esp-elf/esp-14.2.0_20241119/xtensa-esp-elf/bin/../lib/gcc/xtensa-esp-elf/14.2.0/../../../../xtensa-esp-elf/include]
  end of search list found
  collapse include dir [/home/sulicat/.espressif/tools/xtensa-esp-elf/esp-14.2.0_20241119/xtensa-esp-elf/bin/../lib/gcc/xtensa-esp-elf/14.2.0/../../../../xtensa-esp-elf/include/c++/14.2.0] ==> [/home/sulicat/.espressif/tools/xtensa-esp-elf/esp-14.2.0_20241119/xtensa-esp-elf/xtensa-esp-elf/include/c++/14.2.0]
  collapse include dir [/home/sulicat/.espressif/tools/xtensa-esp-elf/esp-14.2.0_20241119/xtensa-esp-elf/bin/../lib/gcc/xtensa-esp-elf/14.2.0/../../../../xtensa-esp-elf/include/c++/14.2.0/xtensa-esp-elf/esp32s3] ==> [/home/sulicat/.espressif/tools/xtensa-esp-elf/esp-14.2.0_20241119/xtensa-esp-elf/xtensa-esp-elf/include/c++/14.2.0/xtensa-esp-elf/esp32s3]
  collapse include dir [/home/sulicat/.espressif/tools/xtensa-esp-elf/esp-14.2.0_20241119/xtensa-esp-elf/bin/../lib/gcc/xtensa-esp-elf/14.2.0/../../../../xtensa-esp-elf/include/c++/14.2.0/backward] ==> [/home/sulicat/.espressif/tools/xtensa-esp-elf/esp-14.2.0_20241119/xtensa-esp-elf/xtensa-esp-elf/include/c++/14.2.0/backward]
  collapse include dir [/home/sulicat/.espressif/tools/xtensa-esp-elf/esp-14.2.0_20241119/xtensa-esp-elf/bin/../lib/gcc/xtensa-esp-elf/14.2.0/include] ==> [/home/sulicat/.espressif/tools/xtensa-esp-elf/esp-14.2.0_20241119/xtensa-esp-elf/lib/gcc/xtensa-esp-elf/14.2.0/include]
  collapse include dir [/home/sulicat/.espressif/tools/xtensa-esp-elf/esp-14.2.0_20241119/xtensa-esp-elf/bin/../lib/gcc/xtensa-esp-elf/14.2.0/include-fixed] ==> [/home/sulicat/.espressif/tools/xtensa-esp-elf/esp-14.2.0_20241119/xtensa-esp-elf/lib/gcc/xtensa-esp-elf/14.2.0/include-fixed]
  collapse include dir [/home/sulicat/.espressif/tools/xtensa-esp-elf/esp-14.2.0_20241119/xtensa-esp-elf/bin/../lib/gcc/xtensa-esp-elf/14.2.0/../../../../xtensa-esp-elf/include] ==> [/home/sulicat/.espressif/tools/xtensa-esp-elf/esp-14.2.0_20241119/xtensa-esp-elf/xtensa-esp-elf/include]
  implicit include dirs: [/home/sulicat/.espressif/tools/xtensa-esp-elf/esp-14.2.0_20241119/xtensa-esp-elf/xtensa-esp-elf/include/c++/14.2.0;/home/sulicat/.espressif/tools/xtensa-esp-elf/esp-14.2.0_20241119/xtensa-esp-elf/xtensa-esp-elf/include/c++/14.2.0/xtensa-esp-elf/esp32s3;/home/sulicat/.espressif/tools/xtensa-esp-elf/esp-14.2.0_20241119/xtensa-esp-elf/xtensa-esp-elf/include/c++/14.2.0/backward;/home/sulicat/.espressif/tools/xtensa-esp-elf/esp-14.2.0_20241119/xtensa-esp-elf/lib/gcc/xtensa-esp-elf/14.2.0/include;/home/sulicat/.espressif/tools/xtensa-esp-elf/esp-14.2.0_20241119/xtensa-esp-elf/lib/gcc/xtensa-esp-elf/14.2.0/include-fixed;/home/sulicat/.espressif/tools/xtensa-esp-elf/esp-14.2.0_20241119/xtensa-esp-elf/xtensa-esp-elf/include]


Parsed CXX implicit link information from above output:
  link line regex: [^( *|.*[/\])(xtensa-esp32s3-elf-ld|CMAKE_LINK_STARTFILE-NOTFOUND|([^/\]+-)?ld|collect2)[^/\]*( |$)]
  ignore line: [Change Dir: /home/sulicat/git/hardware/ReMapper/software/ESP32/ReMapper/build/CMakeFiles/CMakeTmp]
  ignore line: []
  ignore line: [Run Build Command(s):/usr/bin/ninja cmTC_41ed6 && [1/2] Building CXX object CMakeFiles/cmTC_41ed6.dir/CMakeCXXCompilerABI.cpp.obj]
  ignore line: [Using built-in specs.]
  ignore line: [COLLECT_GCC=/home/sulicat/.espressif/tools/xtensa-esp-elf/esp-14.2.0_20241119/xtensa-esp-elf/bin/xtensa-esp-elf-g++]
  ignore line: [Target: xtensa-esp-elf]
  ignore line: [Configured with: /builds/idf/crosstool-NG/.build/xtensa-esp-elf/src/gcc/configure --build=x86_64-build_pc-linux-gnu --host=x86_64-build_pc-linux-gnu --target=xtensa-esp-elf --prefix=/builds/idf/crosstool-NG/builds/xtensa-esp-elf --exec_prefix=/builds/idf/crosstool-NG/builds/xtensa-esp-elf --with-local-prefix=/builds/idf/crosstool-NG/builds/xtensa-esp-elf/xtensa-esp-elf --with-sysroot=/builds/idf/crosstool-NG/builds/xtensa-esp-elf/xtensa-esp-elf --with-native-system-header-dir=/include --with-newlib --enable-threads=no --disable-shared --with-pkgversion='crosstool-NG esp-14.2.0_20241119' --disable-__cxa_atexit --enable-cxx-flags=-ffunction-sections --disable-libgomp --disable-libmudflap --disable-libmpx --disable-libssp --disable-libquadmath --disable-libquadmath-support --disable-libstdcxx-verbose --with-gmp=/builds/idf/crosstool-NG/.build/xtensa-esp-elf/buildtools --with-mpfr=/builds/idf/crosstool-NG/.build/xtensa-esp-elf/buildtools --with-mpc=/builds/idf/crosstool-NG/.build/xtensa-esp-elf/buildtools --with-isl=/builds/idf/crosstool-NG/.build/xtensa-esp-elf/buildtools --enable-lto --enable-target-optspace --without-long-double-128 --disable-nls --enable-multiarch --enable-languages=c c++ --disable-libstdcxx-verbose --enable-threads=posix --enable-gcov-custom-rtio --enable-libstdcxx-time=yes]
  ignore line: [Thread model: posix]
  ignore line: [Supported LTO compression algorithms: zlib zstd]
  ignore line: [gcc version 14.2.0 (crosstool-NG esp-14.2.0_20241119) ]
  ignore line: [COLLECT_GCC_OPTIONS='-mdynconfig=xtensa_esp32s3.so' '-mlongcalls' '-fno-builtin-memcpy' '-fno-builtin-memset' '-fno-builtin-bzero' '-fno-builtin-stpcpy' '-fno-builtin-strncpy' '-v' '-o' 'CMakeFiles/cmTC_41ed6.dir/CMakeCXXCompilerABI.cpp.obj' '-c' '-dumpdir' 'CMakeFiles/cmTC_41ed6.dir/']
  ignore line: [ /home/sulicat/.espressif/tools/xtensa-esp-elf/esp-14.2.0_20241119/xtensa-esp-elf/bin/../libexec/gcc/xtensa-esp-elf/14.2.0/cc1plus -quiet -v -imultilib esp32s3 -iprefix /home/sulicat/.espressif/tools/xtensa-esp-elf/esp-14.2.0_20241119/xtensa-esp-elf/bin/../lib/gcc/xtensa-esp-elf/14.2.0/ -isysroot /home/sulicat/.espressif/tools/xtensa-esp-elf/esp-14.2.0_20241119/xtensa-esp-elf/bin/../xtensa-esp-elf /usr/share/cmake-3.22/Modules/CMakeCXXCompilerABI.cpp -quiet -dumpdir CMakeFiles/cmTC_41ed6.dir/ -dumpbase CMakeCXXCompilerABI.cpp.cpp -dumpbase-ext .cpp -mdynconfig=xtensa_esp32s3.so -mlongcalls -version -fno-builtin-memcpy -fno-builtin-memset -fno-builtin-bzero -fno-builtin-stpcpy -fno-builtin-strncpy -o /tmp/ccFXhfXR.s]
  ignore line: [GNU C++17 (crosstool-NG esp-14.2.0_20241119) version 14.2.0 (xtensa-esp-elf)]
  ignore line: [	compiled by GNU C version 4.9.2  GMP version 6.2.1  MPFR version 4.2.1  MPC version 1.2.1  isl version isl-0.26-GMP]
  ignore line: []
  ignore line: [GGC heuristics: --param ggc-min-expand=100 --param ggc-min-heapsize=131072]
  ignore line: [ignoring duplicate directory "/home/sulicat/.espressif/tools/xtensa-esp-elf/esp-14.2.0_20241119/xtensa-esp-elf/bin/../lib/gcc/../../lib/gcc/xtensa-esp-elf/14.2.0/../../../../xtensa-esp-elf/include/c++/14.2.0"]
  ignore line: [ignoring duplicate directory "/home/sulicat/.espressif/tools/xtensa-esp-elf/esp-14.2.0_20241119/xtensa-esp-elf/bin/../lib/gcc/../../lib/gcc/xtensa-esp-elf/14.2.0/../../../../xtensa-esp-elf/include/c++/14.2.0/xtensa-esp-elf/esp32s3"]
  ignore line: [ignoring duplicate directory "/home/sulicat/.espressif/tools/xtensa-esp-elf/esp-14.2.0_20241119/xtensa-esp-elf/bin/../lib/gcc/../../lib/gcc/xtensa-esp-elf/14.2.0/../../../../xtensa-esp-elf/include/c++/14.2.0/backward"]
  ignore line: [ignoring duplicate directory "/home/sulicat/.espressif/tools/xtensa-esp-elf/esp-14.2.0_20241119/xtensa-esp-elf/bin/../lib/gcc/../../lib/gcc/xtensa-esp-elf/14.2.0/include"]
  ignore line: [ignoring nonexistent directory "/home/sulicat/.espressif/tools/xtensa-esp-elf/esp-14.2.0_20241119/xtensa-esp-elf/bin/../xtensa-esp-elf/builds/idf/crosstool-NG/builds/xtensa-esp-elf/xtensa-esp-elf/include"]
  ignore line: [ignoring duplicate directory "/home/sulicat/.espressif/tools/xtensa-esp-elf/esp-14.2.0_20241119/xtensa-esp-elf/bin/../lib/gcc/../../lib/gcc/xtensa-esp-elf/14.2.0/include-fixed"]
  ignore line: [ignoring duplicate directory "/home/sulicat/.espressif/tools/xtensa-esp-elf/esp-14.2.0_20241119/xtensa-esp-elf/bin/../lib/gcc/../../lib/gcc/xtensa-esp-elf/14.2.0/../../../../xtensa-esp-elf/include"]
  ignore line: [ignoring duplicate directory "/home/sulicat/.espressif/tools/xtensa-esp-elf/esp-14.2.0_20241119/xtensa-esp-elf/bin/../xtensa-esp-elf/include"]
  ignore line: [#include "..." search starts here:]
  ignore line: [#include <...> search starts here:]
  ignore line: [ /home/sulicat/.espressif/tools/xtensa-esp-elf/esp-14.2.0_20241119/xtensa-esp-elf/bin/../lib/gcc/xtensa-esp-elf/14.2.0/../../../../xtensa-esp-elf/include/c++/14.2.0]
  ignore line: [ /home/sulicat/.espressif/tools/xtensa-esp-elf/esp-14.2.0_20241119/xtensa-esp-elf/bin/../lib/gcc/xtensa-esp-elf/14.2.0/../../../../xtensa-esp-elf/include/c++/14.2.0/xtensa-esp-elf/esp32s3]
  ignore line: [ /home/sulicat/.espressif/tools/xtensa-esp-elf/esp-14.2.0_20241119/xtensa-esp-elf/bin/../lib/gcc/xtensa-esp-elf/14.2.0/../../../../xtensa-esp-elf/include/c++/14.2.0/backward]
  ignore line: [ /home/sulicat/.espressif/tools/xtensa-esp-elf/esp-14.2.0_20241119/xtensa-esp-elf/bin/../lib/gcc/xtensa-esp-elf/14.2.0/include]
  ignore line: [ /home/sulicat/.espressif/tools/xtensa-esp-elf/esp-14.2.0_20241119/xtensa-esp-elf/bin/../lib/gcc/xtensa-esp-elf/14.2.0/include-fixed]
  ignore line: [ /home/sulicat/.espressif/tools/xtensa-esp-elf/esp-14.2.0_20241119/xtensa-esp-elf/bin/../lib/gcc/xtensa-esp-elf/14.2.0/../../../../xtensa-esp-elf/include]
  ignore line: [End of search list.]
  ignore line: [Compiler executable checksum: 00a0abec3a35f1fd29e56d9fb54b091a]
  ignore line: [COLLECT_GCC_OPTIONS='-mdynconfig=xtensa_esp32s3.so' '-mlongcalls' '-fno-builtin-memcpy' '-fno-builtin-memset' '-fno-builtin-bzero' '-fno-builtin-stpcpy' '-fno-builtin-strncpy' '-v' '-o' 'CMakeFiles/cmTC_41ed6.dir/CMakeCXXCompilerABI.cpp.obj' '-c' '-dumpdir' 'CMakeFiles/cmTC_41ed6.dir/']
  ignore line: [ /home/sulicat/.espressif/tools/xtensa-esp-elf/esp-14.2.0_20241119/xtensa-esp-elf/bin/../lib/gcc/xtensa-esp-elf/14.2.0/../../../../xtensa-esp-elf/bin/as --traditional-format --longcalls --dynconfig=xtensa_esp32s3.so -o CMakeFiles/cmTC_41ed6.dir/CMakeCXXCompilerABI.cpp.obj /tmp/ccFXhfXR.s]
  ignore line: [COMPILER_PATH=/home/sulicat/.espressif/tools/xtensa-esp-elf/esp-14.2.0_20241119/xtensa-esp-elf/bin/../libexec/gcc/xtensa-esp-elf/14.2.0/:/home/sulicat/.espressif/tools/xtensa-esp-elf/esp-14.2.0_20241119/xtensa-esp-elf/bin/../libexec/gcc/:/home/sulicat/.espressif/tools/xtensa-esp-elf/esp-14.2.0_20241119/xtensa-esp-elf/bin/../lib/gcc/xtensa-esp-elf/14.2.0/../../../../xtensa-esp-elf/bin/]
  ignore line: [LIBRARY_PATH=/home/sulicat/.espressif/tools/xtensa-esp-elf/esp-14.2.0_20241119/xtensa-esp-elf/bin/../lib/gcc/xtensa-esp-elf/14.2.0/esp32s3/:/home/sulicat/.espressif/tools/xtensa-esp-elf/esp-14.2.0_20241119/xtensa-esp-elf/bin/../lib/gcc/xtensa-esp-elf/14.2.0/../../../../xtensa-esp-elf/lib/esp32s3/:/home/sulicat/.espressif/tools/xtensa-esp-elf/esp-14.2.0_20241119/xtensa-esp-elf/bin/../xtensa-esp-elf/lib/esp32s3/:/home/sulicat/.espressif/tools/xtensa-esp-elf/esp-14.2.0_20241119/xtensa-esp-elf/bin/../lib/gcc/xtensa-esp-elf/14.2.0/:/home/sulicat/.espressif/tools/xtensa-esp-elf/esp-14.2.0_20241119/xtensa-esp-elf/bin/../lib/gcc/:/home/sulicat/.espressif/tools/xtensa-esp-elf/esp-14.2.0_20241119/xtensa-esp-elf/bin/../lib/gcc/xtensa-esp-elf/14.2.0/../../../../xtensa-esp-elf/lib/:/home/sulicat/.espressif/tools/xtensa-esp-elf/esp-14.2.0_20241119/xtensa-esp-elf/bin/../xtensa-esp-elf/lib/:/home/sulicat/.espressif/tools/xtensa-esp-elf/esp-14.2.0_20241119/xtensa-esp-elf/bin/../xtensa-esp-elf/usr/lib/]
  ignore line: [COLLECT_GCC_OPTIONS='-mdynconfig=xtensa_esp32s3.so' '-mlongcalls' '-fno-builtin-memcpy' '-fno-builtin-memset' '-fno-builtin-bzero' '-fno-builtin-stpcpy' '-fno-builtin-strncpy' '-v' '-o' 'CMakeFiles/cmTC_41ed6.dir/CMakeCXXCompilerABI.cpp.obj' '-c' '-dumpdir' 'CMakeFiles/cmTC_41ed6.dir/CMakeCXXCompilerABI.cpp.']
  ignore line: [[2/2] Linking CXX executable cmTC_41ed6]
  ignore line: [Using built-in specs.]
  ignore line: [COLLECT_GCC=/home/sulicat/.espressif/tools/xtensa-esp-elf/esp-14.2.0_20241119/xtensa-esp-elf/bin/xtensa-esp-elf-g++]
  ignore line: [COLLECT_LTO_WRAPPER=/home/sulicat/.espressif/tools/xtensa-esp-elf/esp-14.2.0_20241119/xtensa-esp-elf/bin/../libexec/gcc/xtensa-esp-elf/14.2.0/lto-wrapper]
  ignore line: [Target: xtensa-esp-elf]
  ignore line: [Configured with: /builds/idf/crosstool-NG/.build/xtensa-esp-elf/src/gcc/configure --build=x86_64-build_pc-linux-gnu --host=x86_64-build_pc-linux-gnu --target=xtensa-esp-elf --prefix=/builds/idf/crosstool-NG/builds/xtensa-esp-elf --exec_prefix=/builds/idf/crosstool-NG/builds/xtensa-esp-elf --with-local-prefix=/builds/idf/crosstool-NG/builds/xtensa-esp-elf/xtensa-esp-elf --with-sysroot=/builds/idf/crosstool-NG/builds/xtensa-esp-elf/xtensa-esp-elf --with-native-system-header-dir=/include --with-newlib --enable-threads=no --disable-shared --with-pkgversion='crosstool-NG esp-14.2.0_20241119' --disable-__cxa_atexit --enable-cxx-flags=-ffunction-sections --disable-libgomp --disable-libmudflap --disable-libmpx --disable-libssp --disable-libquadmath --disable-libquadmath-support --disable-libstdcxx-verbose --with-gmp=/builds/idf/crosstool-NG/.build/xtensa-esp-elf/buildtools --with-mpfr=/builds/idf/crosstool-NG/.build/xtensa-esp-elf/buildtools --with-mpc=/builds/idf/crosstool-NG/.build/xtensa-esp-elf/buildtools --with-isl=/builds/idf/crosstool-NG/.build/xtensa-esp-elf/buildtools --enable-lto --enable-target-optspace --without-long-double-128 --disable-nls --enable-multiarch --enable-languages=c c++ --disable-libstdcxx-verbose --enable-threads=posix --enable-gcov-custom-rtio --enable-libstdcxx-time=yes]
  ignore line: [Thread model: posix]
  ignore line: [Supported LTO compression algorithms: zlib zstd]
  ignore line: [gcc version 14.2.0 (crosstool-NG esp-14.2.0_20241119) ]
  ignore line: [COMPILER_PATH=/home/sulicat/.espressif/tools/xtensa-esp-elf/esp-14.2.0_20241119/xtensa-esp-elf/bin/../libexec/gcc/xtensa-esp-elf/14.2.0/:/home/sulicat/.espressif/tools/xtensa-esp-elf/esp-14.2.0_20241119/xtensa-esp-elf/bin/../libexec/gcc/:/home/sulicat/.espressif/tools/xtensa-esp-elf/esp-14.2.0_20241119/xtensa-esp-elf/bin/../lib/gcc/xtensa-esp-elf/14.2.0/../../../../xtensa-esp-elf/bin/]
  ignore line: [LIBRARY_PATH=/home/sulicat/.espressif/tools/xtensa-esp-elf/esp-14.2.0_20241119/xtensa-esp-elf/bin/../lib/gcc/xtensa-esp-elf/14.2.0/esp32s3/:/home/sulicat/.espressif/tools/xtensa-esp-elf/esp-14.2.0_20241119/xtensa-esp-elf/bin/../lib/gcc/xtensa-esp-elf/14.2.0/../../../../xtensa-esp-elf/lib/esp32s3/:/home/sulicat/.espressif/tools/xtensa-esp-elf/esp-14.2.0_20241119/xtensa-esp-elf/bin/../xtensa-esp-elf/lib/esp32s3/:/home/sulicat/.espressif/tools/xtensa-esp-elf/esp-14.2.0_20241119/xtensa-esp-elf/bin/../lib/gcc/xtensa-esp-elf/14.2.0/:/home/sulicat/.espressif/tools/xtensa-esp-elf/esp-14.2.0_20241119/xtensa-esp-elf/bin/../lib/gcc/:/home/sulicat/.espressif/tools/xtensa-esp-elf/esp-14.2.0_20241119/xtensa-esp-elf/bin/../lib/gcc/xtensa-esp-elf/14.2.0/../../../../xtensa-esp-elf/lib/:/home/sulicat/.espressif/tools/xtensa-esp-elf/esp-14.2.0_20241119/xtensa-esp-elf/bin/../xtensa-esp-elf/lib/:/home/sulicat/.espressif/tools/xtensa-esp-elf/esp-14.2.0_20241119/xtensa-esp-elf/bin/../xtensa-esp-elf/usr/lib/]
  ignore line: [COLLECT_GCC_OPTIONS='-mdynconfig=xtensa_esp32s3.so' '-mlongcalls' '-fno-builtin-memcpy' '-fno-builtin-memset' '-fno-builtin-bzero' '-fno-builtin-stpcpy' '-fno-builtin-strncpy' '-nostartfiles' '-v' '-o' 'cmTC_41ed6' '-dumpdir' 'cmTC_41ed6.']
  link line: [ /home/sulicat/.espressif/tools/xtensa-esp-elf/esp-14.2.0_20241119/xtensa-esp-elf/bin/../libexec/gcc/xtensa-esp-elf/14.2.0/collect2 -plugin /home/sulicat/.espressif/tools/xtensa-esp-elf/esp-14.2.0_20241119/xtensa-esp-elf/bin/../libexec/gcc/xtensa-esp-elf/14.2.0/liblto_plugin.so -plugin-opt=/home/sulicat/.espressif/tools/xtensa-esp-elf/esp-14.2.0_20241119/xtensa-esp-elf/bin/../libexec/gcc/xtensa-esp-elf/14.2.0/lto-wrapper -plugin-opt=-fresolution=/tmp/ccGti9gI.res -plugin-opt=-pass-through=-lgcc -plugin-opt=-pass-through=-lc -plugin-opt=-pass-through=-lnosys -plugin-opt=-pass-through=-lc -plugin-opt=-pass-through=-lgcc --sysroot=/home/sulicat/.espressif/tools/xtensa-esp-elf/esp-14.2.0_20241119/xtensa-esp-elf/bin/../xtensa-esp-elf --dynconfig=xtensa_esp32s3.so -o cmTC_41ed6 -L/home/sulicat/.espressif/tools/xtensa-esp-elf/esp-14.2.0_20241119/xtensa-esp-elf/bin/../lib/gcc/xtensa-esp-elf/14.2.0/esp32s3 -L/home/sulicat/.espressif/tools/xtensa-esp-elf/esp-14.2.0_20241119/xtensa-esp-elf/bin/../lib/gcc/xtensa-esp-elf/14.2.0/../../../../xtensa-esp-elf/lib/esp32s3 -L/home/sulicat/.espressif/tools/xtensa-esp-elf/esp-14.2.0_20241119/xtensa-esp-elf/bin/../xtensa-esp-elf/lib/esp32s3 -L/home/sulicat/.espressif/tools/xtensa-esp-elf/esp-14.2.0_20241119/xtensa-esp-elf/bin/../lib/gcc/xtensa-esp-elf/14.2.0 -L/home/sulicat/.espressif/tools/xtensa-esp-elf/esp-14.2.0_20241119/xtensa-esp-elf/bin/../lib/gcc -L/home/sulicat/.espressif/tools/xtensa-esp-elf/esp-14.2.0_20241119/xtensa-esp-elf/bin/../lib/gcc/xtensa-esp-elf/14.2.0/../../../../xtensa-esp-elf/lib -L/home/sulicat/.espressif/tools/xtensa-esp-elf/esp-14.2.0_20241119/xtensa-esp-elf/bin/../xtensa-esp-elf/lib -L/home/sulicat/.espressif/tools/xtensa-esp-elf/esp-14.2.0_20241119/xtensa-esp-elf/bin/../xtensa-esp-elf/usr/lib CMakeFiles/cmTC_41ed6.dir/CMakeCXXCompilerABI.cpp.obj -lstdc++ -lm -lgcc -lc -lnosys -lc -lgcc]
    arg [/home/sulicat/.espressif/tools/xtensa-esp-elf/esp-14.2.0_20241119/xtensa-esp-elf/bin/../libexec/gcc/xtensa-esp-elf/14.2.0/collect2] ==> ignore
    arg [-plugin] ==> ignore
    arg [/home/sulicat/.espressif/tools/xtensa-esp-elf/esp-14.2.0_20241119/xtensa-esp-elf/bin/../libexec/gcc/xtensa-esp-elf/14.2.0/liblto_plugin.so] ==> ignore
    arg [-plugin-opt=/home/sulicat/.espressif/tools/xtensa-esp-elf/esp-14.2.0_20241119/xtensa-esp-elf/bin/../libexec/gcc/xtensa-esp-elf/14.2.0/lto-wrapper] ==> ignore
    arg [-plugin-opt=-fresolution=/tmp/ccGti9gI.res] ==> ignore
    arg [-plugin-opt=-pass-through=-lgcc] ==> ignore
    arg [-plugin-opt=-pass-through=-lc] ==> ignore
    arg [-plugin-opt=-pass-through=-lnosys] ==> ignore
    arg [-plugin-opt=-pass-through=-lc] ==> ignore
    arg [-plugin-opt=-pass-through=-lgcc] ==> ignore
    arg [--sysroot=/home/sulicat/.espressif/tools/xtensa-esp-elf/esp-14.2.0_20241119/xtensa-esp-elf/bin/../xtensa-esp-elf] ==> ignore
    arg [--dynconfig=xtensa_esp32s3.so] ==> ignore
    arg [-o] ==> ignore
    arg [cmTC_41ed6] ==> ignore
    arg [-L/home/sulicat/.espressif/tools/xtensa-esp-elf/esp-14.2.0_20241119/xtensa-esp-elf/bin/../lib/gcc/xtensa-esp-elf/14.2.0/esp32s3] ==> dir [/home/sulicat/.espressif/tools/xtensa-esp-elf/esp-14.2.0_20241119/xtensa-esp-elf/bin/../lib/gcc/xtensa-esp-elf/14.2.0/esp32s3]
    arg [-L/home/sulicat/.espressif/tools/xtensa-esp-elf/esp-14.2.0_20241119/xtensa-esp-elf/bin/../lib/gcc/xtensa-esp-elf/14.2.0/../../../../xtensa-esp-elf/lib/esp32s3] ==> dir [/home/sulicat/.espressif/tools/xtensa-esp-elf/esp-14.2.0_20241119/xtensa-esp-elf/bin/../lib/gcc/xtensa-esp-elf/14.2.0/../../../../xtensa-esp-elf/lib/esp32s3]
    arg [-L/home/sulicat/.espressif/tools/xtensa-esp-elf/esp-14.2.0_20241119/xtensa-esp-elf/bin/../xtensa-esp-elf/lib/esp32s3] ==> dir [/home/sulicat/.espressif/tools/xtensa-esp-elf/esp-14.2.0_20241119/xtensa-esp-elf/bin/../xtensa-esp-elf/lib/esp32s3]
    arg [-L/home/sulicat/.espressif/tools/xtensa-esp-elf/esp-14.2.0_20241119/xtensa-esp-elf/bin/../lib/gcc/xtensa-esp-elf/14.2.0] ==> dir [/home/sulicat/.espressif/tools/xtensa-esp-elf/esp-14.2.0_20241119/xtensa-esp-elf/bin/../lib/gcc/xtensa-esp-elf/14.2.0]
    arg [-L/home/sulicat/.espressif/tools/xtensa-esp-elf/esp-14.2.0_20241119/xtensa-esp-elf/bin/../lib/gcc] ==> dir [/home/sulicat/.espressif/tools/xtensa-esp-elf/esp-14.2.0_20241119/xtensa-esp-elf/bin/../lib/gcc]
    arg [-L/home/sulicat/.espressif/tools/xtensa-esp-elf/esp-14.2.0_20241119/xtensa-esp-elf/bin/../lib/gcc/xtensa-esp-elf/14.2.0/../../../../xtensa-esp-elf/lib] ==> dir [/home/sulicat/.espressif/tools/xtensa-esp-elf/esp-14.2.0_20241119/xtensa-esp-elf/bin/../lib/gcc/xtensa-esp-elf/14.2.0/../../../../xtensa-esp-elf/lib]
    arg [-L/home/sulicat/.espressif/tools/xtensa-esp-elf/esp-14.2.0_20241119/xtensa-esp-elf/bin/../xtensa-esp-elf/lib] ==> dir [/home/sulicat/.espressif/tools/xtensa-esp-elf/esp-14.2.0_20241119/xtensa-esp-elf/bin/../xtensa-esp-elf/lib]
    arg [-L/home/sulicat/.espressif/tools/xtensa-esp-elf/esp-14.2.0_20241119/xtensa-esp-elf/bin/../xtensa-esp-elf/usr/lib] ==> dir [/home/sulicat/.espressif/tools/xtensa-esp-elf/esp-14.2.0_20241119/xtensa-esp-elf/bin/../xtensa-esp-elf/usr/lib]
    arg [CMakeFiles/cmTC_41ed6.dir/CMakeCXXCompilerABI.cpp.obj] ==> ignore
    arg [-lstdc++] ==> lib [stdc++]
    arg [-lm] ==> lib [m]
    arg [-lgcc] ==> lib [gcc]
    arg [-lc] ==> lib [c]
    arg [-lnosys] ==> lib [nosys]
    arg [-lc] ==> lib [c]
    arg [-lgcc] ==> lib [gcc]
  collapse library dir [/home/sulicat/.espressif/tools/xtensa-esp-elf/esp-14.2.0_20241119/xtensa-esp-elf/bin/../lib/gcc/xtensa-esp-elf/14.2.0/esp32s3] ==> [/home/sulicat/.espressif/tools/xtensa-esp-elf/esp-14.2.0_20241119/xtensa-esp-elf/lib/gcc/xtensa-esp-elf/14.2.0/esp32s3]
  collapse library dir [/home/sulicat/.espressif/tools/xtensa-esp-elf/esp-14.2.0_20241119/xtensa-esp-elf/bin/../lib/gcc/xtensa-esp-elf/14.2.0/../../../../xtensa-esp-elf/lib/esp32s3] ==> [/home/sulicat/.espressif/tools/xtensa-esp-elf/esp-14.2.0_20241119/xtensa-esp-elf/xtensa-esp-elf/lib/esp32s3]
  collapse library dir [/home/sulicat/.espressif/tools/xtensa-esp-elf/esp-14.2.0_20241119/xtensa-esp-elf/bin/../xtensa-esp-elf/lib/esp32s3] ==> [/home/sulicat/.espressif/tools/xtensa-esp-elf/esp-14.2.0_20241119/xtensa-esp-elf/xtensa-esp-elf/lib/esp32s3]
  collapse library dir [/home/sulicat/.espressif/tools/xtensa-esp-elf/esp-14.2.0_20241119/xtensa-esp-elf/bin/../lib/gcc/xtensa-esp-elf/14.2.0] ==> [/home/sulicat/.espressif/tools/xtensa-esp-elf/esp-14.2.0_20241119/xtensa-esp-elf/lib/gcc/xtensa-esp-elf/14.2.0]
  collapse library dir [/home/sulicat/.espressif/tools/xtensa-esp-elf/esp-14.2.0_20241119/xtensa-esp-elf/bin/../lib/gcc] ==> [/home/sulicat/.espressif/tools/xtensa-esp-elf/esp-14.2.0_20241119/xtensa-esp-elf/lib/gcc]
  collapse library dir [/home/sulicat/.espressif/tools/xtensa-esp-elf/esp-14.2.0_20241119/xtensa-esp-elf/bin/../lib/gcc/xtensa-esp-elf/14.2.0/../../../../xtensa-esp-elf/lib] ==> [/home/sulicat/.espressif/tools/xtensa-esp-elf/esp-14.2.0_20241119/xtensa-esp-elf/xtensa-esp-elf/lib]
  collapse library dir [/home/sulicat/.espressif/tools/xtensa-esp-elf/esp-14.2.0_20241119/xtensa-esp-elf/bin/../xtensa-esp-elf/lib] ==> [/home/sulicat/.espressif/tools/xtensa-esp-elf/esp-14.2.0_20241119/xtensa-esp-elf/xtensa-esp-elf/lib]
  collapse library dir [/home/sulicat/.espressif/tools/xtensa-esp-elf/esp-14.2.0_20241119/xtensa-esp-elf/bin/../xtensa-esp-elf/usr/lib] ==> [/home/sulicat/.espressif/tools/xtensa-esp-elf/esp-14.2.0_20241119/xtensa-esp-elf/xtensa-esp-elf/usr/lib]
  implicit libs: [stdc++;m;gcc;c;nosys;c;gcc]
  implicit objs: []
  implicit dirs: [/home/sulicat/.espressif/tools/xtensa-esp-elf/esp-14.2.0_20241119/xtensa-esp-elf/lib/gcc/xtensa-esp-elf/14.2.0/esp32s3;/home/sulicat/.espressif/tools/xtensa-esp-elf/esp-14.2.0_20241119/xtensa-esp-elf/xtensa-esp-elf/lib/esp32s3;/home/sulicat/.espressif/tools/xtensa-esp-elf/esp-14.2.0_20241119/xtensa-esp-elf/lib/gcc/xtensa-esp-elf/14.2.0;/home/sulicat/.espressif/tools/xtensa-esp-elf/esp-14.2.0_20241119/xtensa-esp-elf/lib/gcc;/home/sulicat/.espressif/tools/xtensa-esp-elf/esp-14.2.0_20241119/xtensa-esp-elf/xtensa-esp-elf/lib;/home/sulicat/.espressif/tools/xtensa-esp-elf/esp-14.2.0_20241119/xtensa-esp-elf/xtensa-esp-elf/usr/lib]
  implicit fwks: []


